shapiro_pvalue	p_val	log2FC	NAME.x	padj
0.0831002253285756	7.17266311558949e-05	-0.393434105729529	HMDB0011718	0.0131680864565506
0.0820036124885462	3.74978366632694e-05	-1.16687402933277	HMDB0010715_1	0.0131680864565506
0.763499387022756	0.000130377093629214	-0.714149880224206	HMDB0000875	0.0131680864565506
0.288768292309201	0.000130377093629214	-0.413903285516987	HMDB0000132	0.0131680864565506
0.820543451309966	9.73020787262273e-05	-0.620753796355711	HMDB0008164	0.0131680864565506
0.011219489638684	0.000227679172355441	-0.347218217367608	UNKNOWN79	0.019162997006583
0.0182458416588256	0.000384016306751534	-1.19988188637341	HMDB0000786	0.0277040335585035
0.313367300173263	0.000628040689960195	-0.376911434454416	HMDB0000223	0.0317160548429898
0.0394925113858323	0.000628040689960195	-0.47485531930377	HMDB0008138_2	0.0317160548429898
0.0173052380923865	0.000628040689960195	-1.0234307089228	UNKNOWN92	0.0317160548429898
0.012620125758321	0.000794954137261312	-1.1899632887884	UNKNOWN41	0.0334543199430802
0.778672403544949	0.000794954137261312	-0.653485850490295	HMDB0008902	0.0334543199430802
0.335731582596582	0.000998980828029152	-1.03592162875127	HMDB0002641	0.0336323545436481
0.0205522599105534	0.000998980828029152	-0.382958200873587	UNKNOWN76	0.0336323545436481
0.302932154651486	0.000998980828029152	-0.348628196255635	HMDB0007972_4	0.0336323545436481
0.0122330599596652	0.00124838951598946	0.255583380520516	UNKNOWN70	0.0394022940984174
0.000139912372403554	0.00191373574601465	-0.69228429039977	HMDB0059611	0.0536909195409667
0.210569695423123	0.00191373574601465	-0.458220453900341	HMDB0250763_1	0.0536909195409667
0.0853192069291443	0.0023492875411034	-0.828796413997033	HMDB0248356	0.0624415899082745
0.589974784224073	0.00348595273349614	-0.629537617895396	UNKNOWN43	0.0733502554339814
0.899197953600132	0.00348595273349614	-0.444429941348489	UNKNOWN48	0.0733502554339814
0.898544078663066	0.00348595273349614	-0.367510415969518	HMDB0007980_7	0.0733502554339814
0.0667924058708982	0.00348595273349614	-0.885968016548874	HMDB0008181_6	0.0733502554339814
0.153442196758198	0.00348595273349614	-0.428062971575228	UNKNOWN101	0.0733502554339814
0.38436409153739	0.00421514143414803	0.185085566838378	HMDB0001847	0.0734016008360261
0.665300464115295	0.00421514143414803	-1.14286798672735	HMDB0000756	0.0734016008360261
0.35061730793854	0.00421514143414803	-0.539188220364941	HMDB0011508	0.0734016008360261
0.0552490965966995	0.00421514143414803	1.71751201344615	HMDB0007973_1	0.0734016008360261
0.142573567219919	0.00421514143414803	-1.26117807575663	UNKNOWN95	0.0734016008360261
0.000715525634924221	0.00507163048285676	-1.58411808603797	HMDB0008181_7	0.0826184965755698
0.185482644354219	0.00507163048285676	-0.563430720501348	HMDB0008748	0.0826184965755698
0.0402802980381523	0.00607503413264619	-0.790027646425809	HMDB0000673_1	0.0902321246172449
0.121778752597048	0.00607503413264619	-0.322414709091657	HMDB0251641	0.0902321246172449
0.000732490389699228	0.00607503413264619	-0.723187968617262	HMDB0010384	0.0902321246172449
0.753640765639753	0.00724381285695056	-0.5257571083643	HMDB0011130_1	0.098868256561082
0.000449572794977653	0.00724381285695056	-0.301735071201045	HMDB0010386	0.098868256561082
0.0436421894390525	0.00724381285695056	-0.64291791289679	HMDB0008050_3	0.098868256561082
0.0602990557495636	0.00860104224756264	0.566877307622783	HMDB0000062	0.111372470128696
0.108790889008278	0.00860104224756264	-0.32697759738076	UNKNOWN39	0.111372470128696
0.420587649860936	0.0101686441166856	-0.368673300530971	HMDB0002641_1	0.116708301793778
0.197055134727215	0.0101686441166856	-0.766519166607974	HMDB0250791	0.116708301793778
0.545136606103156	0.0101686441166856	-0.425395800837602	HMDB0240665	0.116708301793778
0.000287433896866637	0.0101686441166856	-0.483334201762947	UNKNOWN57	0.116708301793778
0.184072661339956	0.0101686441166856	-0.556655677222918	HMDB0008098	0.116708301793778
0.657018681009846	0.011974501471069	1.22210738018189	HMDB0001565	0.120942464857797
0.000564374542668524	0.011974501471069	0.665343010741993	HMDB0001547_1	0.120942464857797
0.0581469681007639	0.011974501471069	-0.280363642562692	HMDB0010388_1	0.120942464857797
0.00336350868489714	0.011974501471069	-0.562712300291438	UNKNOWN96	0.120942464857797
0.185044133779418	0.011974501471069	-1.05301349236039	UNKNOWN99	0.120942464857797
0.280006253904583	0.011974501471069	-0.841133281732145	HMDB0008147	0.120942464857797
0.26737313398463	0.0140439974616849	-0.308613458933907	HMDB0062769	0.128949431239107
0.106567493103379	0.0140439974616849	-0.942405475530382	HMDB0001161	0.128949431239107
0.0296452853690471	0.0140439974616849	-0.646470201611394	HMDB0001565_1	0.128949431239107
0.372422847636474	0.0140439974616849	-0.776573921657619	HMDB0002725	0.128949431239107
0.803848222121554	0.0140439974616849	-0.145301857430341	HMDB0010388	0.128949431239107
0.279016735772404	0.0164086687306502	-0.432384885330927	HMDB0010390	0.142868581189282
0.181122942958371	0.0164086687306502	-0.395724828665203	HMDB0007980_1	0.142868581189282
0.140411012229583	0.0164086687306502	-0.352919863572714	HMDB0009533	0.142868581189282
0.177610669824129	0.0190987058438936	-0.267267069236886	HMDB0010386_1	0.15556203953494
0.447866214693743	0.0190987058438936	-0.524847989596241	UNKNOWN85	0.15556203953494
0.00554276379590066	0.0190987058438936	-0.44557189663912	HMDB0007957	0.15556203953494
0.0303421586985653	0.0190987058438936	-1.27647520730196	HMDB0008181_5	0.15556203953494
0.00226789436566114	0.0221498759686941	-3.56427061086459	HMDB0000197	0.172087497910623
0.240007918004167	0.0221498759686941	-0.258221068411691	HMDB0011507	0.172087497910623
0.310201249463399	0.0221498759686941	-0.391355868944777	HMDB0008706_3	0.172087497910623
0.0556192077482131	0.0255954464165529	-0.229147839168011	HMDB0000673	0.179523617227211
0.0594624032215053	0.0255954464165529	0.383572954636185	HMDB0254258	0.179523617227211
0.102061102487506	0.0255954464165529	0.386930721810396	HMDB0004701_1	0.179523617227211
0.0581543365034056	0.0255954464165529	-0.391210899757804	UNKNOWN42	0.179523617227211
0.793548291208393	0.0255954464165529	-0.359948325212762	UNKNOWN46	0.179523617227211
0.0244606893390437	0.0255954464165529	-0.558434193402913	UNKNOWN55	0.179523617227211
0.0792197064900026	0.0255954464165529	-0.618195070971895	UNKNOWN83	0.179523617227211
0.872638876334797	0.0294757994731073	-0.588832455871474	HMDB0001257	0.190836906845118
0.277071443235069	0.0294757994731073	-0.496516188339926	HMDB0001889	0.190836906845118
0.302026368096968	0.0294757994731073	-0.533428734719208	HMDB0001043_2	0.190836906845118
0.163381837415178	0.0294757994731073	-0.740141360978622	HMDB0007957_1	0.190836906845118
0.0405448686912114	0.0294757994731073	-1.08689361911208	HMDB0008147_2	0.190836906845118
0.0035285635585917	0.0294757994731073	-0.762471687491335	HMDB0008632_3	0.190836906845118
0.216979978918803	0.0338276637886276	-0.258948762892471	HMDB0030311	0.196355979462723
0.0381463662575501	0.0338276637886276	-0.187153585771937	HMDB0000673_6	0.196355979462723
0.615448020060245	0.0338276637886276	-0.370359554660152	HMDB0011525	0.196355979462723
0.254113005439043	0.0338276637886276	-0.504143906844685	HMDB0010390_1	0.196355979462723
0.87078789387667	0.0338276637886276	-0.443259285391404	UNKNOWN51	0.196355979462723
0.133070013844732	0.0338276637886276	-0.478565317018703	HMDB0008200	0.196355979462723
2.84842452739057e-05	0.0338276637886276	-0.668919572574418	HMDB0007972	0.196355979462723
0.144116738527726	0.0338276637886276	-0.694168544650468	HMDB0008138_3	0.196355979462723
0.00152458546405216	0.0338276637886276	-0.722023878370386	HMDB0008182_2	0.196355979462723
0.15011705196511	0.0386944983943234	0.843951664001145	HMDB0001999	0.210115286979928
0.618208713114622	0.0386944983943234	-0.305757798172529	HMDB0002815	0.210115286979928
0.0458175480812284	0.0386944983943234	-0.396449129867957	HMDB0011523	0.210115286979928
0.978922581042366	0.0386944983943234	-0.0992617535681473	HMDB0008494	0.210115286979928
0.481749171713321	0.0386944983943234	-0.35085028912494	HMDB0008138_14	0.210115286979928
0.180030014252173	0.0386944983943234	-1.11688500550989	HMDB0008181_4	0.210115286979928
0.262748337886361	0.0441166855758322	-0.30065791439898	HMDB0000214_1	0.229679651709229
0.0321067989664107	0.0441166855758322	-0.54707896814064	UNKNOWN44	0.229679651709229
0.953087951802882	0.0441166855758322	-0.601909328985734	UNKNOWN61	0.229679651709229
0.418855794966307	0.0441166855758322	-0.471559827630269	HMDB0008138_11	0.229679651709229
0.475830023375417	0.0501401842201412	-0.242710224776189	HMDB0000172	0.245832942050207
0.365132929991278	0.0501401842201412	-0.332296638813453	HMDB0000289_1	0.245832942050207
0.283702728042348	0.0501401842201412	-0.466400330585758	HMDB0000684	0.245832942050207
0.000983133400239604	0.0501401842201412	0.318002370772102	HMDB0015109	0.245832942050207
0.694036425075748	0.0501401842201412	-0.393210348343167	HMDB0010392	0.245832942050207
0.0716029892700138	0.0501401842201412	-0.614506467461472	UNKNOWN59	0.245832942050207
0.63761373041504	0.0568071072822722	-0.242875940779644	HMDB0251511_1	0.270637633750448
0.493823575035991	0.0568071072822722	-0.358573692839373	UNKNOWN34	0.270637633750448
0.0160185219999563	0.0568071072822722	-1.92705153161254	UNKNOWN87	0.270637633750448
0.00483272744410763	0.0641664903947849	-2.12886931038372	HMDB0002641_2	0.289322121869343
0.00515499310948231	0.0641664903947849	-0.0805636913172706	HMDB0000673_3	0.289322121869343
0.00339889164523147	0.0641664903947849	-1.37149921807491	UNKNOWN77	0.289322121869343
0.310525497449757	0.0641664903947849	-0.437744598076372	HMDB0007980_8	0.289322121869343
0.156195398486372	0.0641664903947849	-0.187267032666956	UNKNOWN91	0.289322121869343
0.711207595101954	0.0641664903947849	-0.576381125353235	UNKNOWN103	0.289322121869343
0.0236466304490329	0.0722612156990943	-0.968211516379832	HMDB0037556_1	0.309253507864768
0.0677174782550271	0.0722612156990943	-0.170864643088504	UNKNOWN11	0.309253507864768
0.000737773979516411	0.0722612156990943	-0.248589621540961	HMDB0010393	0.309253507864768
0.167501364583744	0.0722612156990943	0.337242599689916	HMDB0007969	0.309253507864768
0.980056101317954	0.0722612156990943	0.154591670552926	HMDB0007969_2	0.309253507864768
0.111565424365233	0.0722612156990943	-0.390154228870056	HMDB0007972_1	0.309253507864768
0.365797925794752	0.0811401265311617	-0.211132323265302	HMDB0000097	0.333136291855582
0.724070991140755	0.0811401265311617	-0.218379210169229	HMDB0251528	0.333136291855582
0.865320578191865	0.0811401265311617	0.0704758599082292	HMDB0029673	0.333136291855582
0.0176273568759598	0.0811401265311617	-0.406408499606424	HMDB0032049_1	0.333136291855582
0.00383992189806719	0.0811401265311617	-1.13350734428077	HMDB0007973_7	0.333136291855582
0.477314922938593	0.0908472588119916	-0.549986021552893	HMDB0060677	0.355642369767874
0.00223437372817246	0.0908472588119916	0.59140490874465	UNKNOWN3	0.355642369767874
0.130919071938825	0.0908472588119916	-0.132885585033374	UNKNOWN47	0.355642369767874
0.00113386242570621	0.0908472588119916	1.28372692649032	HMDB0008200_1	0.355642369767874
0.708679534322932	0.0908472588119916	-0.343402409120413	HMDB0008166_2	0.355642369767874
0.00771173395310472	0.0908472588119916	-0.180539817805313	HMDB0008504_1	0.355642369767874
0.00793025659448905	0.101430878987751	-2.39247054706111	HMDB0059622	0.363280807722086
0.33280122189908	0.101430878987751	-0.0594721054507729	HMDB0030396	0.363280807722086
0.144656595511095	0.101430878987751	-0.182411316446122	HMDB0003331	0.363280807722086
0.000946862267822532	0.101430878987751	-0.453822793629891	UNKNOWN10	0.363280807722086
0.912770217976201	0.101430878987751	-0.304868501277619	UNKNOWN31	0.363280807722086
0.000311977534929035	0.101430878987751	0.192353332990339	HMDB0010395	0.363280807722086
0.471247421549709	0.101430878987751	-0.218742175844235	HMDB0011698	0.363280807722086
0.480975042460544	0.101430878987751	-0.166335263277742	UNKNOWN67	0.363280807722086
0.802075155310149	0.101430878987751	0.396569549091729	HMDB0007969_1	0.363280807722086
0.623337378850552	0.101430878987751	0.189272957896436	HMDB0007916	0.363280807722086
0.130327425617556	0.101430878987751	-0.884502620344324	HMDB0008138_12	0.363280807722086
0.519402774082031	0.101430878987751	-0.153160874464076	HMDB0008039_1	0.363280807722086
0.491490278859366	0.112932523123666	-0.479087790036377	HMDB0003229_1	0.385344082280076
0.00360270440840222	0.112932523123666	-0.0280955871401882	HMDB0000673_7	0.385344082280076
0.0325518130949203	0.112932523123666	-0.0837363982833767	UNKNOWN2	0.385344082280076
0.00692505036945629	0.112932523123666	-0.130039572401647	UNKNOWN12	0.385344082280076
0.455602933597651	0.112932523123666	0.729808916866503	HMDB0011506	0.385344082280076
0.0773230088656992	0.112932523123666	-0.650661735570991	HMDB0008138_13	0.385344082280076
0.0221986122182537	0.112932523123666	-0.135868842785927	UNKNOWN98	0.385344082280076
0.123682406053597	0.125398919293118	0.415650785012656	HMDB0258179	0.400800343310281
0.0409431612879281	0.125398919293118	0.312159800238105	HMDB0031810	0.400800343310281
0.00144444951855464	0.125398919293118	0.365433287938929	UNKNOWN4	0.400800343310281
0.019449429722981	0.125398919293118	0.214760261152124	HMDB0013334	0.400800343310281
0.221082256250102	0.125398919293118	-0.468382038280163	UNKNOWN82	0.400800343310281
0.00205667724408084	0.125398919293118	0.304431577064594	HMDB0007973_8	0.400800343310281
0.086227594051283	0.125398919293118	-0.142954424501246	HMDB0008138_7	0.400800343310281
0.691713813147604	0.125398919293118	-0.378257321516331	HMDB0009472	0.400800343310281
0.00040798571067334	0.125398919293118	0.300296727930223	HMDB0008189	0.400800343310281
0.999988480471347	0.125398919293118	-0.324680900956641	HMDB0008189_1	0.400800343310281
0.718860313548442	0.138868526815761	-0.162539242724023	HMDB0035631	0.419931772706342
0.0191986756302803	0.138868526815761	0.354727999259058	HMDB0002338	0.419931772706342
0.500638856332245	0.138868526815761	-0.251370921381712	HMDB0013327	0.419931772706342
0.0225303860375866	0.138868526815761	-0.934369072967432	HMDB0241376	0.419931772706342
0.02713951248218	0.138868526815761	-0.81269176216356	HMDB0010397	0.419931772706342
0.00329779816657884	0.138868526815761	0.597418675989178	HMDB0008166	0.419931772706342
0.0115380051224445	0.138868526815761	-0.547587236370261	HMDB0007972_5	0.419931772706342
0.00641350651434768	0.138868526815761	-1.44182722228101	HMDB0007980_6	0.419931772706342
0.364577006934951	0.138868526815761	0.27140150659533	UNKNOWN104	0.419931772706342
0.0198166993418098	0.153383458646617	0.239184877053744	HMDB0006236	0.423271292986565
0.514681216083881	0.153383458646617	-0.173911808762867	HMDB0033752	0.423271292986565
0.000490155861826579	0.153383458646617	-0.284021751275946	HMDB0254258_1	0.423271292986565
0.00911833607014741	0.153383458646617	-0.171707377779672	UNKNOWN27	0.423271292986565
0.229346723271705	0.153383458646617	0.491636004675441	UNKNOWN35	0.423271292986565
0.491631902761216	0.153383458646617	-0.0866030163702506	HMDB0010390_2	0.423271292986565
0.0741688174149649	0.153383458646617	-0.464173121244861	UNKNOWN60	0.423271292986565
0.0634316401980172	0.153383458646617	0.569392930125631	UNKNOWN69	0.423271292986565
0.029341278819224	0.153383458646617	-0.686108324153996	HMDB0007972_3	0.423271292986565
0.0146559227660331	0.153383458646617	0.709765620431353	HMDB0007972_7	0.423271292986565
0.672794204451363	0.153383458646617	-0.647650154709275	UNKNOWN88	0.423271292986565
0.0201332039248019	0.153383458646617	-0.0472308098513973	HMDB0008138_6	0.423271292986565
0.0685427619470421	0.153383458646617	-0.345594122137886	HMDB0008039	0.423271292986565
0.989417626597622	0.153383458646617	-0.285498647816423	UNKNOWN93	0.423271292986565
0.0744133388719947	0.153383458646617	0.727964331467619	HMDB0008733	0.423271292986565
0.0986231572107487	0.153383458646617	0.755782718732703	HMDB0008189_2	0.423271292986565
0.00301363506190926	0.168978135876776	-1.9234198092238	HMDB0000214	0.446774652449068
0.0572151609148755	0.168978135876776	1.21503890518117	HMDB0000130	0.446774652449068
0.0263207167399234	0.168978135876776	-0.867752606143442	HMDB0002117	0.446774652449068
0.0999393937721102	0.168978135876776	0.366125712520588	HMDB0013288_1	0.446774652449068
0.0171638121790377	0.168978135876776	-0.157173525698273	HMDB0001492	0.446774652449068
0.0338013019167766	0.168978135876776	-1.08892565905014	HMDB0008147_1	0.446774652449068
0.0305832041582542	0.168978135876776	-0.318101333463957	HMDB0008147_5	0.446774652449068
0.00176592420619548	0.168978135876776	-0.509695438458404	UNKNOWN100	0.446774652449068
0.00434804028446236	0.185688517970117	0.415144143950402	HMDB0059883	0.476003561293955
0.928684239872001	0.185688517970117	0.112339835378681	HMDB0014339	0.476003561293955
0.0202059125457839	0.185688517970117	0.790947486030599	HMDB0040270	0.476003561293955
0.24216971004143	0.185688517970117	-0.397419159691981	UNKNOWN32	0.476003561293955
0.107558503942529	0.185688517970117	0.405389359412464	HMDB0008138	0.476003561293955
0.000828757453954663	0.185688517970117	-0.299657822662901	UNKNOWN94	0.476003561293955
0.00251967765220309	0.203541718746995	-1.05386224741013	HMDB0000073	0.503865529251141
0.036093917663309	0.203541718746995	-0.483917869265785	HMDB0014999	0.503865529251141
0.100189378354168	0.203541718746995	0.382703516589843	HMDB0006217	0.503865529251141
0.0384987050001756	0.203541718746995	-0.039821287684618	HMDB0010382	0.503865529251141
0.00111244779725941	0.203541718746995	-0.158384579738164	HMDB0005384	0.503865529251141
0.845828715292338	0.203541718746995	-0.279982289897094	UNKNOWN90	0.503865529251141
0.00324862315584513	0.203541718746995	-0.0566777159539286	HMDB0000248	0.503865529251141
0.517322295979223	0.222567544180143	0.225532259887093	HMDB0003646	0.525217802855012
0.206925029992921	0.222567544180143	-0.107950625546303	HMDB0000687	0.525217802855012
0.0624929980645323	0.222567544180143	0.565373106636276	HMDB0000132_1	0.525217802855012
0.000239321444527243	0.222567544180143	0.594022353292682	HMDB0034146_3	0.525217802855012
0.121292080229685	0.222567544180143	0.220674016098196	HMDB0000269	0.525217802855012
0.196891451517947	0.222567544180143	0.291734788639603	HMDB0005023	0.525217802855012
0.622861743300851	0.222567544180143	-0.542950118387402	HMDB0249243	0.525217802855012
0.171141273741871	0.222567544180143	-0.20260102708896	UNKNOWN54	0.525217802855012
0.029435820256563	0.222567544180143	-1.11822837197104	HMDB0008138_8	0.525217802855012
0.452287352717118	0.222567544180143	-0.296575686221148	HMDB0008665_4	0.525217802855012
0.155716270173598	0.242784262446397	0.170941055545065	UNKNOWN1	0.549802926167851
0.146718673758402	0.242784262446397	0.402628673012898	HMDB0013288	0.549802926167851
0.106992308729292	0.242784262446397	-0.705353037083345	UNKNOWN13	0.549802926167851
0.149973309720399	0.242784262446397	-0.603817044494746	HMDB0062517	0.549802926167851
3.70363932156999e-06	0.242784262446397	-0.664481442294522	HMDB0007933	0.549802926167851
0.921178632883431	0.242784262446397	-0.162020288890129	HMDB0007973_2	0.549802926167851
0.182512722142461	0.242784262446397	-0.375561842072332	HMDB0008138_9	0.549802926167851
0.0388815602851988	0.242784262446397	-0.201533498499486	HMDB0007980	0.549802926167851
0.410020677575977	0.242784262446397	-0.294650401363619	HMDB0008050_4	0.549802926167851
0.0115142203296728	0.264211103205584	-0.128001089154566	UNKNOWN58	0.580115683125305
0.322358329690174	0.264211103205584	-0.0576541258845296	HMDB0012097	0.580115683125305
0.00926392844462834	0.264211103205584	-0.561251750824563	UNKNOWN74	0.580115683125305
0.795231402906534	0.264211103205584	-0.0695825447411408	HMDB0007902	0.580115683125305
0.00611324479971489	0.264211103205584	-0.302397507695834	UNKNOWN86	0.580115683125305
0.136294971323741	0.264211103205584	-0.452689286918311	HMDB0007980_5	0.580115683125305
0.108538813000506	0.264211103205584	-0.11740829527467	HMDB0012457	0.580115683125305
0.0484351526502963	0.286857873584216	-0.696249540440535	HMDB0251172	0.603596775666788
0.0867698553819833	0.286857873584216	-0.284187999675745	HMDB0000673_2	0.603596775666788
0.146880845716132	0.286857873584216	0.300633513274365	HMDB0001043	0.603596775666788
0.0835476521339011	0.286857873584216	0.413825282604416	HMDB0011474	0.603596775666788
0.866825888612315	0.286857873584216	-0.118942736840074	HMDB0010403	0.603596775666788
0.915566996212314	0.286857873584216	0.317148687206915	UNKNOWN52	0.603596775666788
0.969759326696372	0.286857873584216	-0.34253899504518	UNKNOWN71	0.603596775666788
0.00185448733840065	0.286857873584216	0.293237631847681	HMDB0009683	0.603596775666788
0.093138276069282	0.286857873584216	0.222912877225596	UNKNOWN89	0.603596775666788
0.00350373890129685	0.286857873584216	-0.165658427693834	HMDB0008706	0.603596775666788
0.740459031012073	0.310733034632617	-0.292662449101202	HMDB0000296_1	0.635304382548469
0.327889775010967	0.310733034632617	0.130183646158993	HMDB0004950	0.635304382548469
0.00334003593308895	0.310733034632617	0.0414499672964198	HMDB0241094_1	0.635304382548469
7.00357269700246e-05	0.310733034632617	0.150922507709936	HMDB0015125	0.635304382548469
0.843184357521167	0.310733034632617	0.434885618022497	UNKNOWN20	0.635304382548469
0.0754770925844589	0.310733034632617	0.321646848982996	HMDB0005020	0.635304382548469
0.11068950730726	0.310733034632617	-0.231389336812538	HMDB0008463_3	0.635304382548469
0.86752724065094	0.335833894198412	0.174669120892144	HMDB0000097_1	0.659907068366529
0.0987845071777253	0.335833894198412	-0.176298236784113	HMDB0248356_1	0.659907068366529
0.0167403213150443	0.335833894198412	-0.913661188107624	HMDB0014965	0.659907068366529
0.000830559998821666	0.335833894198412	0.100997434535919	HMDB0240585	0.659907068366529
0.020302093600685	0.335833894198412	-0.173349057600743	HMDB0010399	0.659907068366529
0.673801274556932	0.335833894198412	0.27058475902299	HMDB0001008	0.659907068366529
0.324597742573899	0.335833894198412	0.309844686283287	HMDB0007900	0.659907068366529
0.0126322975094321	0.335833894198412	-1.02510928109805	HMDB0008463_6	0.659907068366529
0.697532822414285	0.335833894198412	-0.339681229483073	UNKNOWN97	0.659907068366529
0.265771137669443	0.335833894198412	-0.285419528971599	HMDB0008181_1	0.659907068366529
0.43847203367038	0.362157760129223	-0.00285125079135439	HMDB0014483	0.679887244852259
0.0249261218215664	0.362157760129223	0.149758855525841	HMDB0001921_2	0.679887244852259
0.948279444324746	0.362157760129223	-0.0752022078577805	HMDB0000289	0.679887244852259
0.107061772276863	0.362157760129223	0.827144304191048	HMDB0000086	0.679887244852259
0.0728648209134313	0.362157760129223	0.151676341790696	UNKNOWN8	0.679887244852259
8.39113096929946e-05	0.362157760129223	0.331438874632405	HMDB0253127	0.679887244852259
0.422679405052278	0.362157760129223	-0.129696148884934	UNKNOWN40	0.679887244852259
0.609844136144114	0.362157760129223	-0.301901037356172	HMDB0011526	0.679887244852259
0.334825174096794	0.362157760129223	0.16432295579541	UNKNOWN72	0.679887244852259
0.528696168202814	0.362157760129223	0.193976870971694	HMDB0007972_6	0.679887244852259
3.72475787107611e-05	0.362157760129223	0.129235717033223	HMDB0008182	0.679887244852259
0.603445185097649	0.362157760129223	-0.284304516293792	HMDB0008181	0.679887244852259
0.881888218968869	0.389689633290387	0.0570195723239853	HMDB0005016	0.70535220362597
0.883138299217362	0.389689633290387	-0.706409803836947	UNKNOWN16	0.70535220362597
0.335174384224633	0.389689633290387	-0.110206768215314	UNKNOWN37	0.70535220362597
0.0307303590402088	0.389689633290387	-0.22806878588138	HMDB0010393_1	0.70535220362597
0.968393457175967	0.389689633290387	-0.137031458445905	HMDB0010400	0.70535220362597
0.479986489189221	0.389689633290387	-0.124532725817155	HMDB0008132	0.70535220362597
0.0114346526281853	0.389689633290387	0.671831503894866	HMDB0008463_2	0.70535220362597
0.701534666084891	0.389689633290387	-0.20359124056424	HMDB0008463_5	0.70535220362597
0.0196232125901918	0.389689633290387	0.51792525311262	HMDB0008138_5	0.70535220362597
0.732617973955941	0.389689633290387	-0.331735017115791	HMDB0008147_3	0.70535220362597
0.171108720919339	0.418412976174452	-0.0357475415629989	HMDB0013733	0.721155470880881
0.676459066565612	0.418412976174452	0.245699295970308	HMDB0060475_1	0.721155470880881
0.809853842041599	0.418412976174452	-0.104446683378995	HMDB0033951_1	0.721155470880881
0.00364557359563618	0.418412976174452	-0.31753929557139	HMDB0251511	0.721155470880881
0.462526883045294	0.418412976174452	-0.145168916795977	HMDB0003229	0.721155470880881
0.0127763242752335	0.418412976174452	-0.0674789924099761	HMDB0000050	0.721155470880881
0.0560567023518438	0.418412976174452	-0.185250710807996	HMDB0011618	0.721155470880881
0.0888600749475855	0.418412976174452	-0.059075988107987	UNKNOWN17	0.721155470880881
0.000136706497523818	0.418412976174452	-0.0674803148710417	HMDB0010383	0.721155470880881
0.633921792479128	0.418412976174452	-0.033645419787013	UNKNOWN50	0.721155470880881
0.0656493282747975	0.418412976174452	0.211892300040237	HMDB0007973_6	0.721155470880881
0.0485093145497262	0.418412976174452	1.50545437486015	HMDB0008463_1	0.721155470880881
0.332468885482226	0.418412976174452	0.497864204128959	HMDB0008504	0.721155470880881
0.671685058912128	0.418412976174452	-0.283660585448106	HMDB0008482	0.721155470880881
0.00374704830631335	0.448300867257658	0.731438407230207	UNKNOWN5	0.742268649065959
0.0257261336935409	0.448300867257658	-0.0471069205815265	HMDB0002014_1	0.742268649065959
0.00365354877530263	0.448300867257658	-0.108511400710634	UNKNOWN33	0.742268649065959
0.324282954930332	0.448300867257658	-0.308705941408147	HMDB0010381	0.742268649065959
0.00423377021200267	0.448300867257658	-0.229920188949588	UNKNOWN56	0.742268649065959
6.22468542340975e-05	0.448300867257658	-0.377038494198414	UNKNOWN66	0.742268649065959
0.0615948859410848	0.448300867257658	0.125998245487748	HMDB0037546_1	0.742268649065959
0.00245453039726596	0.448300867257658	0.0697478440633589	HMDB0007973_4	0.742268649065959
0.336278480311436	0.448300867257658	0.645354514012463	HMDB0007973_5	0.742268649065959
0.894416354604035	0.448300867257658	-0.13125223078672	HMDB0008174	0.742268649065959
0.965024710502808	0.448300867257658	-0.0312906040115166	HMDB0008138_10	0.742268649065959
0.154858002974272	0.448300867257658	0.572829818955888	HMDB0008050_1	0.742268649065959
0.903616426527269	0.47932292367748	-0.242860713939832	HMDB0011718_1	0.766006571066859
0.00247123788662594	0.47932292367748	0.201339474860127	HMDB0000267_1	0.766006571066859
0.0377391373879263	0.47932292367748	-0.115603732146507	HMDB0061838	0.766006571066859
0.00596798711763446	0.47932292367748	-0.50567711656785	HMDB0000673_4	0.766006571066859
0.0005465698245294	0.47932292367748	0.0204154015378059	HMDB0014517	0.766006571066859
0.00573970859154929	0.47932292367748	0.0222173254190684	HMDB0013321_1	0.766006571066859
0.00496183562096638	0.47932292367748	-0.0316401015156998	HMDB0253127_1	0.766006571066859
0.00407197242652145	0.47932292367748	0.318615074332669	UNKNOWN25	0.766006571066859
0.646503754326834	0.47932292367748	0.447806435022388	HMDB0010379	0.766006571066859
0.0087344305627282	0.47932292367748	-0.188377756434976	HMDB0007916_1	0.766006571066859
0.0769124894698768	0.47932292367748	0.0532348863026629	HMDB0008517_2	0.766006571066859
0.138227589267105	0.511438186258485	0.00581093246480296	HMDB0000043_1	0.7946962586478
0.00712084179539014	0.511438186258485	-0.139463305136485	HMDB0004827	0.7946962586478
0.0500918787030247	0.511438186258485	0.229629865363674	HMDB0060475	0.7946962586478
0.0105830764083255	0.511438186258485	1.4256417137787	HMDB0002107	0.7946962586478
0.691243711501795	0.511438186258485	-0.151735811218826	HMDB0006344	0.7946962586478
4.98450431942583e-06	0.511438186258485	-0.304684539476031	HMDB0005038	0.7946962586478
0.0356599744339765	0.511438186258485	0.118207643908668	HMDB0341291	0.7946962586478
0.0500521146863266	0.511438186258485	-0.0908211062426045	HMDB0007973_3	0.7946962586478
0.991844959699983	0.511438186258485	0.0803824326054744	HMDB0007980_4	0.7946962586478
0.0204447516043425	0.544604349749053	-0.0695453215235385	HMDB0000738	0.815800624356692
0.138914015886795	0.544604349749053	-0.249982128480381	HMDB0010715	0.815800624356692
0.0554888563176012	0.578767186508471	0.088786188891253	HMDB0031195	0.815800624356692
0.164148217134603	0.544604349749053	-0.160060561999027	HMDB0243964	0.815800624356692
0.0152461098911848	0.578767186508471	-0.152041733355883	HMDB0000182	0.815800624356692
0.455422459023333	0.578767186508471	0.184389045826751	HMDB0029865	0.815800624356692
0.599720692695961	0.578767186508471	0.146441186414847	HMDB0000929	0.815800624356692
2.3752519001572e-06	0.578767186508471	0.695041209767534	HMDB0000296_2	0.815800624356692
0.00914356120447869	0.578767186508471	0.247916586753168	HMDB0033244	0.815800624356692
0.777662078933954	0.544604349749053	0.190911851532242	HMDB0000673_5	0.815800624356692
0.0011155530231932	0.544604349749053	0.491545704196786	HMDB0034146_2	0.815800624356692
0.377622215238368	0.578767186508471	0.00254839172074823	HMDB0002338_1	0.815800624356692
0.341210305314652	0.578767186508471	0.38097491329424	HMDB0029377	0.815800624356692
0.0536151460601952	0.613869776743649	0.102541345950653	HMDB0006221	0.815800624356692
4.10028467717752e-06	0.613869776743649	0.00894972171684726	HMDB0000791_1	0.815800624356692
0.0344532453731085	0.613869776743649	0.0457131392071602	HMDB0004701	0.815800624356692
0.409248633223776	0.613869776743649	-0.40055914414875	HMDB0241094	0.815800624356692
0.0010011146832267	0.578767186508471	-0.13718466387296	UNKNOWN6	0.815800624356692
6.25504350557519e-05	0.613869776743649	-0.0445949001902841	HMDB0013321	0.815800624356692
9.25750090897205e-05	0.613869776743649	-0.140790716652949	HMDB0001976	0.815800624356692
0.00365510974925349	0.613869776743649	-0.231233537593613	HMDB0001976_2	0.815800624356692
0.879250726477152	0.613869776743649	0.0516976781545201	HMDB0002014	0.815800624356692
0.000357504396408687	0.613869776743649	-0.0138401812917095	UNKNOWN18	0.815800624356692
0.146202020923155	0.578767186508471	-0.16922908993857	HMDB0001993_1	0.815800624356692
0.0212259651830022	0.613869776743649	-0.00234834292523927	UNKNOWN23	0.815800624356692
0.0101970239126026	0.578767186508471	-0.344649164344738	UNKNOWN24	0.815800624356692
0.954830542140588	0.578767186508471	0.295722973366697	HMDB0001893	0.815800624356692
0.26355170815161	0.613869776743649	-0.198434967493631	UNKNOWN29	0.815800624356692
0.184130738488393	0.544604349749053	-0.23517087934888	HMDB0010380	0.815800624356692
0.0175720623959126	0.613869776743649	0.217522418229184	UNKNOWN36	0.815800624356692
0.0209025561480553	0.544604349749053	0.172096399459833	UNKNOWN38	0.815800624356692
0.00245783002052544	0.613869776743649	0.659635249662934	HMDB0011130	0.815800624356692
0.00367076947075492	0.613869776743649	0.0256896382635197	HMDB0011512	0.815800624356692
0.367146470302661	0.613869776743649	-0.16066926427378	HMDB0008036	0.815800624356692
0.179904922407986	0.544604349749053	-0.156053796133159	HMDB0010403_1	0.815800624356692
0.880025676589704	0.613869776743649	0.0185949347101598	HMDB0008591	0.815800624356692
0.731936432629311	0.544604349749053	-0.0668190147554252	UNKNOWN49	0.815800624356692
0.307205117040177	0.613869776743649	-0.117995302291981	UNKNOWN73	0.815800624356692
0.24194816757141	0.613869776743649	-0.222057744315155	UNKNOWN78	0.815800624356692
0.435808420542659	0.578767186508471	-0.0161081054403353	HMDB0037546	0.815800624356692
0.642526372736739	0.613869776743649	0.0594040665152071	HMDB0007973_9	0.815800624356692
0.101445471167143	0.613869776743649	-0.0929066907256597	HMDB0007972_2	0.815800624356692
0.00357919609458441	0.613869776743649	-0.159555175247361	HMDB0008138_1	0.815800624356692
0.421889498898982	0.578767186508471	0.0519790735740972	HMDB0008138_15	0.815800624356692
0.291903769446072	0.578767186508471	-0.473719023155774	HMDB0007980_2	0.815800624356692
0.281199843247534	0.613869776743649	-0.0194924130180254	HMDB0008147_4	0.815800624356692
0.307569636053749	0.544604349749053	-0.158083705169409	HMDB0008050	0.815800624356692
0.299579592892257	0.578767186508471	0.264226076011449	HMDB0008189_3	0.815800624356692
0.411686697987724	0.613869776743649	0.0930777845072214	HMDB0008665_3	0.815800624356692
0.401430787383759	0.578767186508471	-0.109507973339725	HMDB0008706_1	0.815800624356692
0.559994133957156	0.578767186508471	0.268437399439887	HMDB0008706_2	0.815800624356692
0.0118998903463783	0.613869776743649	-0.0893914367772894	HMDB0008706_4	0.815800624356692
0.0168847247684501	0.578767186508471	-0.0563719456973807	HMDB0008482_1	0.815800624356692
0.0172083399593087	0.613869776743649	-0.0585494226412957	HMDB0008714	0.815800624356692
0.242193243029039	0.544604349749053	-0.150891634345434	UNKNOWN102	0.815800624356692
0.136741165720109	0.649847508797569	-0.153071307820875	HMDB0000043	0.837175999854011
0.035063192755448	0.649847508797569	-0.198536678214909	HMDB0000157_1	0.837175999854011
0.807690876416821	0.649847508797569	0.328431925681053	HMDB0029737	0.837175999854011
0.69725053571492	0.649847508797569	0.656643382324053	HMDB0030886	0.837175999854011
0.113831179845336	0.649847508797569	-0.184776582706171	HMDB0250763	0.837175999854011
0.688446178656829	0.649847508797569	0.0343430700376218	HMDB0037556	0.837175999854011
0.42738637045989	0.649847508797569	-0.246234309955687	HMDB0034146_1	0.837175999854011
0.830869212791593	0.649847508797569	-0.13711626690247	HMDB0034854	0.837175999854011
0.0424456501863349	0.649847508797569	0.572505207315154	HMDB0249587	0.837175999854011
0.0161739323303204	0.649847508797569	0.0850496754054546	UNKNOWN65	0.837175999854011
0.204509424797291	0.649847508797569	0.0560712860176831	HMDB0009418	0.837175999854011
3.69721254782782e-05	0.649847508797569	0.214440495691896	HMDB0008665_1	0.837175999854011
0.117668734624899	0.686631732784647	-0.0746931905957396	HMDB0034301_1	0.871228706171474
0.588921602328486	0.686631732784647	0.00750491219962954	HMDB0015563	0.871228706171474
0.00135543308017306	0.686631732784647	-0.410620099935142	HMDB0000195	0.871228706171474
0.221440118168971	0.686631732784647	0.137878865018087	HMDB0000195_1	0.871228706171474
2.92456278208106e-05	0.686631732784647	-0.0893621776286728	HMDB0004704	0.871228706171474
0.00258881599986597	0.686631732784647	0.556950611445687	HMDB0001043_1	0.871228706171474
0.412806291428171	0.724145530065573	-0.027055959542187	HMDB0000050_1	0.898509810032222
0.000413959402386398	0.724145530065573	-0.365434918330734	HMDB0014750	0.898509810032222
0.300182834756477	0.724145530065573	0.068898041887031	HMDB0001976_1	0.898509810032222
0.00150343267672399	0.724145530065573	0.0153243065617032	UNKNOWN7	0.898509810032222
0.074157453248784	0.724145530065573	0.306530695336993	HMDB0001993	0.898509810032222
0.224985365761308	0.724145530065573	-0.0289979278050221	UNKNOWN45	0.898509810032222
0.645067694764326	0.724145530065573	-0.00302143364649583	HMDB0008493	0.898509810032222
0.00216830054572788	0.724145530065573	-0.130175082182077	HMDB0009103	0.898509810032222
0.0350326751776161	0.724145530065573	-0.199657048255977	HMDB0008461	0.898509810032222
0.05861440011901	0.762310828221449	-0.125261541228966	HMDB0000562_1	0.903678329229652
0.180950218436395	0.762310828221449	0.306075065705854	HMDB0004586_1	0.903678329229652
0.148275987951153	0.762310828221449	0.223105989618897	HMDB0015255	0.903678329229652
0.889796306067342	0.762310828221449	-0.146554596294613	HMDB0035835	0.903678329229652
0.128548054237033	0.762310828221449	-0.0195293329803707	HMDB0001547	0.903678329229652
0.279186549941721	0.762310828221449	0.074513752581004	HMDB0000067	0.903678329229652
0.33690048018117	0.762310828221449	-0.167245101745384	UNKNOWN19	0.903678329229652
0.286104435572751	0.762310828221449	-0.440246668275047	HMDB0011516	0.903678329229652
0.904744475925499	0.762310828221449	0.0257689699526855	HMDB0010404	0.903678329229652
0.0485193033760072	0.762310828221449	-0.0565614119121235	HMDB0013461	0.903678329229652
0.00120378994308794	0.762310828221449	0.221508571397197	UNKNOWN53	0.903678329229652
0.850000037100035	0.762310828221449	-0.0425099287190797	UNKNOWN64	0.903678329229652
0.0759556163885882	0.762310828221449	0.0325858059066653	HMDB0008873	0.903678329229652
0.00251237197233325	0.762310828221449	-0.106013150662046	HMDB0008463_4	0.903678329229652
0.148277595774767	0.762310828221449	0.0181098817120482	HMDB0007980_3	0.903678329229652
0.15997528203316	0.762310828221449	0.0470855381795773	HMDB0008182_1	0.903678329229652
0.000313897261136825	0.762310828221449	0.0150713864458981	HMDB0008181_2	0.903678329229652
4.51532699568465e-05	0.762310828221449	-0.32409856562078	HMDB0008632_1	0.903678329229652
0.307017507654133	0.762310828221449	-0.0623273761738197	HMDB0008663	0.903678329229652
0.00075883652636307	0.801041862969444	-0.288683759986175	HMDB0034301	0.915217513121197
1.48270667837417e-05	0.801041862969444	0.109866390746772	HMDB0000267	0.915217513121197
0.370448105609677	0.801041862969444	0.0949178854070407	HMDB0033951	0.915217513121197
0.718536880594884	0.801041862969444	0.0250046063143477	HMDB0000296	0.915217513121197
0.00709508041377701	0.801041862969444	-0.358948790014378	HMDB0003231	0.915217513121197
0.0425374591236068	0.801041862969444	1.21200163543049	HMDB0000277	0.915217513121197
0.126609481901059	0.801041862969444	-0.322217882825002	HMDB0001383	0.915217513121197
0.00779111125212516	0.801041862969444	-0.0139250291249085	UNKNOWN14	0.915217513121197
0.0138346577804217	0.801041862969444	-0.201875229938782	UNKNOWN15	0.915217513121197
0.0654846844731093	0.801041862969444	0.577005909954295	HMDB0240783	0.915217513121197
0.0248514434014669	0.801041862969444	-0.0801751964814121	UNKNOWN30	0.915217513121197
0.479890268876895	0.801041862969444	-0.00823454364690976	HMDB0008200_2	0.915217513121197
0.138625861740263	0.801041862969444	0.0405180694946511	HMDB0008166_1	0.915217513121197
0.606572858604767	0.801041862969444	0.280063289739027	HMDB0008463_7	0.915217513121197
0.0423882401146414	0.801041862969444	-0.135614379019188	HMDB0008248	0.915217513121197
0.232571986371906	0.801041862969444	0.179551930926936	HMDB0008181_3	0.915217513121197
0.824911964804176	0.840250947060747	0.0387492723871783	HMDB0003441	0.936703594405468
0.00826497756834526	0.840250947060747	0.111756002596638	HMDB0000292	0.936703594405468
0.610671787959454	0.840250947060747	0.115148853647146	HMDB0032049	0.936703594405468
0.00187466924122499	0.840250947060747	0.219475978993497	HMDB0034146	0.936703594405468
0.807534114223385	0.840250947060747	0.0366744804586206	HMDB0010401	0.936703594405468
0.000843029071523988	0.840250947060747	0.226687744048985	UNKNOWN75	0.936703594405468
0.000986560081590677	0.840250947060747	0.0506444896009831	UNKNOWN80	0.936703594405468
0.00197989751251807	0.840250947060747	-0.0137385148591985	HMDB0007938	0.936703594405468
0.0132198081743052	0.840250947060747	0.285185110561635	UNKNOWN84	0.936703594405468
0.224972704653849	0.840250947060747	0.190995447256617	HMDB0008517	0.936703594405468
6.17201986198489e-05	0.840250947060747	-0.0737174093600761	HMDB0008517_1	0.936703594405468
0.640667397059111	0.879846547314578	0.0351946618022888	HMDB0031666	0.945367034880557
0.163294235399839	0.879846547314578	0.141619000758423	HMDB0000562	0.945367034880557
0.78744844196697	0.879846547314578	-0.0078259974052037	HMDB0000157	0.945367034880557
0.490091644915369	0.879846547314578	-0.0701216044463324	HMDB0004586	0.945367034880557
0.729017218095838	0.879846547314578	0.0262786866824299	HMDB0000824	0.945367034880557
0.0102860056221345	0.879846547314578	0.100380409459937	HMDB0003331_1	0.945367034880557
0.0235552212607727	0.879846547314578	-0.171108570309509	HMDB0000095	0.945367034880557
0.000125357129407952	0.879846547314578	-0.118222100304308	HMDB0014507	0.945367034880557
0.00011920140522957	0.879846547314578	0.403841388051001	HMDB0014411	0.945367034880557
0.693182698685487	0.879846547314578	0.0456624163438741	HMDB0249587_1	0.945367034880557
0.0285592110291912	0.879846547314578	0.203270629851978	UNKNOWN26	0.945367034880557
0.000655714770614257	0.879846547314578	-0.055274972837313	UNKNOWN28	0.945367034880557
0.746349488246436	0.879846547314578	0.00700774071598734	UNKNOWN81	0.945367034880557
0.0436674750853453	0.879846547314578	-0.0703325887909263	HMDB0008050_2	0.945367034880557
0.616261328163592	0.879846547314578	-0.156426746676434	HMDB0008632	0.945367034880557
0.0975308740212815	0.879846547314578	-0.375031297352366	HMDB0008632_2	0.945367034880557
0.284164066781552	0.879846547314578	0.0418200488799179	HMDB0008518	0.945367034880557
0.012317955570703	0.919734438397785	0.0855483657169408	HMDB0015044	0.97168596525289
0.00135920829718446	0.919734438397785	-0.620526641190919	HMDB0302664	0.97168596525289
0.021562484188562	0.919734438397785	-0.0495566485591676	HMDB0241212	0.97168596525289
0.443724422698553	0.919734438397785	0.521329958539526	HMDB0005066	0.97168596525289
0.00541112710439613	0.919734438397785	0.634036887729262	UNKNOWN22	0.97168596525289
9.00889244227695e-05	0.919734438397785	-0.128598687246957	UNKNOWN63	0.97168596525289
0.467324369319781	0.919734438397785	0.154618673294588	HMDB0008665_2	0.97168596525289
0.152943477861083	0.919734438397785	0.555637386269625	HMDB0008518_1	0.97168596525289
0.570264390645722	0.959817702824837	0.0246545893501525	HMDB0000925	0.989199877401107
0.00165053885475799	0.959817702824837	-0.00489147143690597	HMDB0000267_2	0.989199877401107
0.942628356165053	0.959817702824837	-0.120849437486816	HMDB0001921	0.989199877401107
0.00404256523675765	0.959817702824837	-0.0258202226380128	HMDB0250791_1	0.989199877401107
0.00716050359674369	0.959817702824837	-0.212981817146081	UNKNOWN9	0.989199877401107
0.152698303827936	0.959817702824837	0.510080451695586	HMDB0000921	0.989199877401107
0.0105262987091409	0.959817702824837	-0.376947938468359	HMDB0245662	0.989199877401107
0.00456077702975701	0.959817702824837	0.0244485627451472	HMDB0006764	0.989199877401107
0.164402031474038	0.959817702824837	-0.00276405875830619	HMDB0007936	0.989199877401107
0.00533758579244805	0.959817702824837	0.245453476866278	HMDB0008138_4	0.989199877401107
0.621385859284591	0.959817702824837	0.105451379122766	HMDB0008724	0.989199877401107
0.00638854370070073	0.959817702824837	0.0233237327249211	HMDB0008665	0.989199877401107
0.935135173861551	1	0.236635001087909	HMDB0001921_1	1
0.684463571463427	1	0.019506909877397	HMDB0000159	1
0.0155386213651176	1	-2.1414257993975	HMDB0060655	1
0.147310270627514	1	0.273896056983085	HMDB0000791	1
0.00198251353595906	1	-0.0560775378714464	HMDB0014750_1	1
0.0091247244760775	1	-0.0785724567889321	HMDB0000063	1
0.429353422421803	1	0.187301600307137	HMDB0015579	1
0.0638222031695698	1	0.390822391398696	UNKNOWN21	1
3.36854739336104e-05	1	-0.108714597780449	HMDB0000626	1
0.00198769652527652	1	-0.326080490124937	HMDB0006455	1
0.341712982671159	1	0.00164943755237405	UNKNOWN62	1
0.000816246382541831	1	0.157044499409487	UNKNOWN68	1
0.386462741008457	1	0.101303890588701	HMDB0007973	1
0.57346542262671	1	0.207504207000975	HMDB0008463	1
0.140145504320413	1	-0.148344090752621	HMDB0008039_2	1
