X	baseMean	log2FoldChange	lfcSE	stat	pvalue	padj	Gene.name
ENSG00000125740	120.40686148195	-3.73458470653443	0.554362035787567	-6.73672521825706	1.61996117197361e-11	8.66409233477217e-08	FOSB
ENSG00000176083	109.855799235013	-2.64087659769785	0.389667571277413	-6.77725526155665	1.22480381433763e-11	8.66409233477217e-08	ZNF683
ENSG00000275302	287.335851799045	-1.80518607673916	0.267255514551244	-6.7545325669717	1.4329647953657e-11	8.66409233477217e-08	CCL4
ENSG00000149557	30.2620717815811	-2.17613759034251	0.345094171569898	-6.30592391764499	2.8647974561674e-10	1.14914187960515e-06	FEZ1
ENSG00000110848	125.294212590774	-1.40547708669794	0.22896775236413	-6.13831892127235	8.33993040737967e-10	2.23023638977345e-06	CD69
ENSG00000229474	96.1409904625838	-0.926407971107914	0.150528185491807	-6.15438210512634	7.53707666308117e-10	2.23023638977345e-06	PATL2
ENSG00000105374	4240.09525652011	-1.56611349000397	0.259965835642012	-6.0243050250672	1.69837802876552e-09	3.89292506736325e-06	NKG7
ENSG00000196139	71.6658510315623	-2.28495748484563	0.381494914929396	-5.98948346472328	2.10508531535362e-09	4.2220117356061e-06	AKR1C3
ENSG00000276070	229.706188841706	-2.56337047456831	0.444821207311145	-5.76269843351978	8.27796277058024e-09	1.3281991265396e-05	CCL4L2
ENSG00000230537	6.38964098583145	-3.23534945142724	0.577870263371618	-5.59874708303972	2.15906514579865e-08	2.30948001762263e-05	AL158071.2
ENSG00000276085	109.253004339612	-2.73992304464719	0.487281482759142	-5.62287536380999	1.87804903929738e-08	2.30948001762263e-05	CCL3L3
ENSG00000156475	61.9069289877464	-1.72220148369253	0.308781395961612	-5.57741336173839	2.44121299301644e-08	2.4480789045593e-05	PPP2R2B
ENSG00000134539	599.234146767383	-1.70009455339529	0.30854840079514	-5.5099768756347	3.58880842627167e-08	2.81627572341593e-05	KLRD1
ENSG00000172543	1421.20652257381	-1.59613708830024	0.288610723727233	-5.53041504379012	3.19473993885567e-08	2.81627572341593e-05	CTSW
ENSG00000236790	19.8131864983313	-1.64260156734467	0.297515121759721	-5.52106917332176	3.36943090987279e-08	2.81627572341593e-05	LINC00299
ENSG00000181036	336.060339112275	-1.63707332648937	0.299839467493988	-5.45983269037853	4.76583486420789e-08	3.4758100180098e-05	FCRL6
ENSG00000115738	603.900010918737	-0.817066266167102	0.150493802461169	-5.42923530939372	5.65960228051226e-08	3.78367994128413e-05	ID2
ENSG00000159674	537.432742963475	-1.61496017468859	0.297340817336862	-5.43134369896809	5.59312920145695e-08	3.78367994128413e-05	SPON2
ENSG00000073756	831.670129126442	-2.06253989415606	0.384008011221554	-5.37108558645687	7.82640506983334e-08	4.829794974826e-05	PTGS2
ENSG00000211695	67.4681728969099	-2.52235888189897	0.470444496428191	-5.36165031379847	8.24650604093737e-08	4.90056257136445e-05	TRGV9
ENSG00000001561	80.6313505077998	-1.14244430225727	0.213398181955667	-5.35358029664286	8.62307428689073e-08	4.9413295333272e-05	ENPP4
ENSG00000139187	202.857137861083	-1.62063170980995	0.303737606803129	-5.33563073360348	9.52129975561632e-08	5.26790533030565e-05	KLRG1
ENSG00000157985	49.6056424304008	-1.62157276537589	0.305008986117128	-5.31647538001779	1.05796529678514e-07	5.30600989604716e-05	AGAP1
ENSG00000100450	1417.88902814434	-1.75013486648366	0.332705476542247	-5.26031276873626	1.43810572431291e-07	6.84301233401311e-05	GZMH
ENSG00000168209	308.600868511798	-1.40653855961416	0.270667747907237	-5.19655027423586	2.03020714302589e-07	8.57228252890801e-05	DDIT4
ENSG00000007402	81.4171284372845	-1.52457031530735	0.295601452520473	-5.15751970197697	2.5024252600015e-07	0.00010037853324181	CACNA2D2
ENSG00000211689	234.75489430981	-2.11157851990051	0.413453656356534	-5.10717099108112	3.27017804866147e-07	0.000119250015433576	TRGC1
ENSG00000254682	39.9741946766973	-1.39923541018133	0.274765608626483	-5.09246924014954	3.53430067749729e-07	0.000120950924608009	AP002387.1
ENSG00000123689	396.27355084706	-2.66118617549416	0.526111182749187	-5.05822013055904	4.23187758298846e-07	0.000133351126838523	G0S2
ENSG00000152795	844.306313550571	-0.672968812887187	0.133343407241768	-5.04688478274003	4.49071973331876e-07	0.00013595018513415	HNRNPDL
ENSG00000007264	556.971204653569	-1.42543032574097	0.285481143646647	-4.99308047996785	5.94237805427499e-07	0.000173355374328804	MATK
ENSG00000125384	318.567451265607	-0.820197350460736	0.164698454913955	-4.97999420145891	6.358617837592e-07	0.00017898951439327	PTGER2
ENSG00000131089	80.0440907770086	-0.974487995587706	0.196977531960011	-4.94720380487628	7.52871390226401e-07	0.000193891341225407	ARHGEF9
ENSG00000150687	147.307919866753	-1.91269348124358	0.38703094857595	-4.94196520531803	7.73390204950205e-07	0.000193891341225407	PRSS23
ENSG00000171101	56.7723338898368	-1.51851765064742	0.306771020023345	-4.95000359072987	7.42121123870709e-07	0.000193891341225407	SIGLEC17P
ENSG00000197057	49.9361727897222	-1.79154222200842	0.362400260011897	-4.94354563087124	7.67143836602355e-07	0.000193891341225407	DTHD1
ENSG00000063180	30.1411648027224	-1.05262259263512	0.213783206841783	-4.92378521299917	8.48860056638172e-07	0.000206363024375143	CA11
ENSG00000188042	1140.18987042769	-0.945523151098264	0.192553305692154	-4.91044881156144	9.08681749773901e-07	0.000214408804045915	ARL4C
ENSG00000181104	190.385061412435	-1.26479981622998	0.258001226810595	-4.9023015582732	9.47202811127585e-07	0.000220258972529596	F2R
ENSG00000141076	122.923452796747	-0.630696922774124	0.129422333010796	-4.87316916719091	1.09822105418006e-06	0.000251016603555776	UTP4
ENSG00000115523	2733.97418225831	-1.74443938825986	0.359103116235488	-4.85776733587551	1.18716790915928e-06	0.000264557070867509	GNLY
ENSG00000116667	123.850148661245	-1.42025627894724	0.29397449025976	-4.83122286458351	1.35697004622451e-06	0.000290301125222296	C1orf21
ENSG00000197540	535.698886103131	-1.15710474749687	0.239435746217118	-4.83263157560282	1.34740002102551e-06	0.000290301125222296	GZMM
ENSG00000256128	5.65041748497429	-2.67769563814214	0.553647300689284	-4.83646472186976	1.32168716898019e-06	0.000290301125222296	LINC00944
ENSG00000100453	1031.51836277511	-1.64996488565761	0.343240834605384	-4.80701804479218	1.53198167937532e-06	0.000311147418298444	GZMB
ENSG00000120129	9169.04100057453	-1.22945535503484	0.256161754865616	-4.79952737550467	1.59040496827687e-06	0.00031897559645003	DUSP1
ENSG00000170962	48.8242647133284	-1.92068246170684	0.402360406164535	-4.77353743628897	1.81017881777211e-06	0.000345765703942304	PDGFD
ENSG00000171476	255.556255720899	-1.7262058763269	0.361542960221065	-4.77455258780702	1.80107216579748e-06	0.000345765703942304	HOPX
ENSG00000251022	63.5498361511275	-0.893122710429704	0.18773371489312	-4.75739113210525	1.96110959056296e-06	0.000361488663416753	THAP9-AS1
ENSG00000020633	1407.11060726642	-0.906998540558573	0.193030041918187	-4.69874290833439	2.61767721588705e-06	0.000452060486151349	RUNX3
ENSG00000117281	89.0043932818959	-1.52248051159621	0.325094798812188	-4.6831893870925	2.82445325661674e-06	0.000466835613036773	CD160
ENSG00000167286	985.193480402806	-1.0282988631844	0.220710880515989	-4.65903113059216	3.1770115900064e-06	0.000509751509616527	CD3D
ENSG00000167037	17.0561300019719	-1.7656331065666	0.379513999225083	-4.65235303617729	3.28168612988582e-06	0.00051197595478505	SGSM1
ENSG00000178498	62.4387379790964	-0.931357453953847	0.200148407043083	-4.65333433182591	3.26610031232776e-06	0.00051197595478505	DTX3
ENSG00000205336	987.374292971447	-1.47551104670205	0.317414274985429	-4.64853399164161	3.3430253578288e-06	0.00051197595478505	ADGRG1
ENSG00000162543	12.7139870152464	-1.93240998514026	0.416796383014931	-4.63634058232946	3.5463146654445e-06	0.000536798290632613	UBXN10
ENSG00000137441	846.694409167631	-1.78363624876275	0.385609897855863	-4.62549394784844	3.73706719191929e-06	0.000549726876321173	FGFBP2
ENSG00000149527	27.0894779799463	-1.54184686384133	0.333345331716425	-4.6253741004928	3.73922882259496e-06	0.000549726876321173	PLCH2
ENSG00000102317	1169.54238788096	-0.739851095765059	0.160230108317152	-4.61742866890305	3.88524165254843e-06	0.000556595556385175	RBM3
ENSG00000268355	5.13888555295926	-2.41746105312185	0.52503495111183	-4.60438119024755	4.13694109451219e-06	0.000577193216186505	AC243960.3
ENSG00000158050	156.192615885068	-1.97280490979894	0.42893699938671	-4.59928826988495	4.23936815916628e-06	0.000581373180460025	DUSP2
ENSG00000145649	785.147134857244	-1.39520872022666	0.304555628837562	-4.58112931799008	4.62471746373829e-06	0.000613252824013892	GZMA
ENSG00000170522	40.5634452628122	-1.36620956970069	0.298845137163231	-4.57163058656181	4.83943549841702e-06	0.000631290590017081	ELOVL6
ENSG00000180739	400.621175305069	-1.38890089041886	0.305168346427109	-4.55126131749908	5.33252679874359e-06	0.000673703877841267	S1PR5
ENSG00000224032	90.1871272253775	-0.855455560649675	0.188209291648553	-4.54523553622998	5.48738567945747e-06	0.000687852368960118	EPB41L4A-AS1
ENSG00000173200	108.430087574944	-0.946180812187651	0.209294583057264	-4.5208088922625	6.16037834792066e-06	0.000748812656002932	PARP15
ENSG00000122121	16.9069352616989	-1.58304840967726	0.350764310424714	-4.51313991369436	6.38748535619614e-06	0.00077058047022682	XPNPEP2
ENSG00000254092	2.51874224291116	-3.9927476434779	0.885440964498172	-4.50933241578766	6.50319422483111e-06	0.000772916676573446	AC021613.1
ENSG00000069702	233.967377945746	-1.28366612638911	0.284853204199211	-4.50641280303587	6.59327613095007e-06	0.000777861143537455	TGFBR3
ENSG00000180644	2968.17493032677	-1.19244789190173	0.265901537596084	-4.48454680887598	7.30690651513986e-06	0.000837423678824422	PRF1
ENSG00000100385	1375.88708273343	-0.986682014998522	0.220995345494123	-4.46471853419539	8.01740794373695e-06	0.000869184530116617	IL2RB
ENSG00000235505	37.8577299499117	-1.45072199908999	0.324855538725269	-4.46574500401814	7.97906010309325e-06	0.000869184530116617	CASP4LP
ENSG00000264538	39.7574356722868	-0.925496797107792	0.207107416757798	-4.46868012549311	7.87037216736121e-06	0.000869184530116617	SUZ12P1
ENSG00000119138	139.125371775439	-0.791273239460962	0.177665896595848	-4.45371483566676	8.43971775789661e-06	0.000896789876989743	KLF9
ENSG00000164483	178.62654497522	-1.1581322902711	0.260227405188618	-4.45046243085605	8.56855830438679e-06	0.000898578548979647	SAMD3
ENSG00000046651	143.11640849089	-0.783784255264009	0.177177104380761	-4.42373329219573	9.70097695568665e-06	0.000992296477199414	OFD1
ENSG00000172460	29.4509126642027	-2.35716593644752	0.534057040893233	-4.4136969573607	1.01620180901096e-05	0.00102546905821264	PRSS30P
ENSG00000087074	1775.47574315631	-0.744158516648884	0.168756530044169	-4.40965760823665	1.03534184012342e-05	0.00103825373904876	PPP1R15A
ENSG00000073350	193.982323284563	-0.923667934021143	0.209975304027123	-4.39893604774508	1.08782874294383e-05	0.00107742050497122	LLGL2
ENSG00000237749	25.1309442279221	-1.49379995382263	0.342290541211509	-4.3641286391831	1.27630460674211e-05	0.00124110954031376	AL034379.1
ENSG00000169583	171.96376308093	-1.31952605251838	0.303006900723121	-4.3547722819822	1.33205317075725e-05	0.00126466231507692	CLIC3
ENSG00000235576	45.5338290601993	-1.3746739144891	0.316091323889251	-4.34897705376672	1.36774020763062e-05	0.00129090539008431	LINC01871
ENSG00000279430	3.66125234854715	-2.71451173501617	0.627474168027974	-4.32609320563321	1.51777220843236e-05	0.00137972713675128	AL590560.4
ENSG00000267369	40.7723543639077	-1.10432484998531	0.255581470234968	-4.32083299689155	1.55441287113662e-05	0.001391746365186	TAF5LP1
ENSG00000224858	63.3792699228576	-2.10302688620006	0.490265224298235	-4.28956977156667	1.79019568176945e-05	0.00154428439322531	RPL29P11
ENSG00000145220	159.483624583569	-0.833237236643432	0.195378382907531	-4.2647360687686	2.00138640268041e-05	0.00170809812930889	LYAR
ENSG00000154760	93.9293585795186	-0.832897695465239	0.196534657644623	-4.23791765506976	2.25602477508786e-05	0.00184683252634106	SLFN13
ENSG00000211696	23.9151712478687	-1.62068075504622	0.38311705216772	-4.23024959572076	2.33432160181744e-05	0.00187560973002822	TRGV8
ENSG00000227191	231.944829011962	-1.55783296970263	0.36836558740422	-4.22904045049454	2.34690150199005e-05	0.00187560973002822	TRGC2
ENSG00000107317	9.20280144224034	-2.42602102926772	0.575531240491076	-4.21527253185717	2.494767351117e-05	0.00195261181213035	PTGDS
ENSG00000171596	96.9569847165365	-1.5125142554259	0.358811061930659	-4.21535012685366	2.49390968724795e-05	0.00195261181213035	NMUR1
ENSG00000251301	47.580163454451	-1.26785534157722	0.302396832988952	-4.19268723500005	2.75669390557578e-05	0.00208637517523412	LINC02384
ENSG00000159445	136.090108652846	-0.887486313878416	0.212421868712981	-4.1779423147697	2.94158232039947e-05	0.00215514558588172	THEM4
ENSG00000125864	13.1545079282609	-2.2006407964551	0.527291760621017	-4.17347844362919	2.99984055981514e-05	0.00218271858596569	BFSP1
ENSG00000159618	242.652358274743	-1.01943346682746	0.244768642092698	-4.16488590250618	3.11508310866662e-05	0.00221157117161752	ADGRG5
ENSG00000163739	97.2665756786513	-0.909621981599296	0.218772755302311	-4.15783939980249	3.21271749359675e-05	0.00227083930329338	CXCL1
ENSG00000108654	4422.87829513948	-0.584918928691472	0.140731138058882	-4.15628649607553	3.23462164372142e-05	0.00227629404708378	DDX5
ENSG00000245648	33.6315869093276	-1.47676456950005	0.355952820698241	-4.14876490261606	3.34273881647845e-05	0.00232182875802584	KLRK1-AS1
ENSG00000188690	155.098385430842	-0.660070438944064	0.160010574896727	-4.12516759826708	3.70464881432142e-05	0.00246643527907831	UROS
ENSG00000156787	57.0801961280892	-0.704638945748861	0.170867228143812	-4.1238975630587	3.72514615812488e-05	0.00246729704334058	TBC1D31
ENSG00000213071	18.801680653637	-1.5209454640812	0.368876382127406	-4.12318472467528	3.73669792166882e-05	0.00246729704334058	LPAL2
ENSG00000108963	49.017093327366	-0.627243741808186	0.152271267469652	-4.11925212307829	3.80104071620088e-05	0.00249949583161652	DPH1
ENSG00000179388	28.7436655659956	-3.55727287691664	0.863962594660407	-4.1173922330687	3.83183610556837e-05	0.00250946164546304	EGR3
ENSG00000224415	14.3264745625462	-1.33750424401789	0.325342341188824	-4.11106725036329	3.93834460373998e-05	0.00254624737701211	AC007683.1
ENSG00000247774	612.112953210288	-0.660881348351847	0.160786713665575	-4.11029825341436	3.95148393191659e-05	0.00254624737701211	PCED1B-AS1
ENSG00000162739	462.846001525788	-0.918644344922427	0.223590752550289	-4.10859722257882	3.98069623950575e-05	0.00255481084651479	SLAMF6
ENSG00000211821	94.587061585052	-2.94240261433045	0.71669544871256	-4.1055131850161	4.03418271421663e-05	0.00257882317329107	TRDV2
ENSG00000214784	16.7840515546557	-1.43482987919696	0.35203386335339	-4.07582914191582	4.58506768058003e-05	0.00281015501331571	RPS3AP21
ENSG00000073861	424.096236661312	-1.17443361575983	0.288301003897936	-4.07363692765913	4.62846183292976e-05	0.00281301780717265	TBX21
ENSG00000120832	21.0352916949916	-0.98562573899654	0.242377021070445	-4.06649827877073	4.77248375759662e-05	0.00288960384492973	MTERF2
ENSG00000213261	12.3459672842224	-1.39140957355496	0.342987111431173	-4.0567401140791	4.97624006052126e-05	0.00300164555530314	EEF1B2P6
ENSG00000120910	161.770223871946	-0.7854421349922	0.193803548641843	-4.0527747840352	5.06137217469689e-05	0.00304156241734126	PPP3CC
ENSG00000105854	18.0471306684796	-1.129399571836	0.279291024270839	-4.04380905109495	5.25897553448406e-05	0.0031302118020155	PON2
ENSG00000258352	27.1452167650028	-1.05146619482678	0.260057902131748	-4.04320032657227	5.27265341281913e-05	0.0031302118020155	IFITM3P6
ENSG00000160856	210.524266622048	-1.17635265378438	0.293149466508663	-4.01280844135397	6.00006025611464e-05	0.00341386407125388	FCRL3
ENSG00000136213	239.916612928753	-0.620919289344452	0.154934452970292	-4.00762566001709	6.13322305681717e-05	0.00344082391421789	CHST12
ENSG00000005436	35.0637586757086	-0.736975792438472	0.183945502979359	-4.00648985977748	6.16277697811503e-05	0.00344535737330508	GCFC2
ENSG00000068028	426.250969527104	-0.651629101066335	0.162864817850014	-4.00104276459779	6.30639581505878e-05	0.00350124985649198	RASSF1
ENSG00000260708	13.6451091820516	-1.39565297320297	0.350081206587626	-3.98665494445398	6.7011371701854e-05	0.00356025648661009	AL118516.1
ENSG00000167550	17.0131395128501	-1.07597271388537	0.270446876270757	-3.97849932201903	6.93516090601666e-05	0.0036011215772504	RHEBL1
ENSG00000184205	107.53250464531	-0.524712885644451	0.131876718843115	-3.97881362417477	6.92600059591903e-05	0.0036011215772504	TSPYL2
ENSG00000105176	256.535858183076	-0.578898537248986	0.145651589344508	-3.97454322231751	7.05144562687516e-05	0.00363795643354379	URI1
ENSG00000116001	253.269236900653	-0.530442146152288	0.133883615498268	-3.96196460767935	7.43355614627041e-05	0.00376917431585159	TIA1
ENSG00000153283	481.746476885237	-0.7459751609378	0.188202447153803	-3.96368470346283	7.38017133475368e-05	0.00376917431585159	CD96
ENSG00000235437	78.8262067531209	-0.797782938445362	0.201381928792975	-3.96154184850172	7.44673267762515e-05	0.00376917431585159	LINC01278
ENSG00000196810	94.7731251410377	-0.791024723603162	0.199798310853102	-3.95911617183164	7.52276399321324e-05	0.00379568390789643	CTBP1-DT
ENSG00000271503	4309.12486271487	-0.99909773285893	0.25258853142588	-3.95543585141792	7.63952457014626e-05	0.00384251322031338	CCL5
ENSG00000184545	20.2756051837129	-1.19617631078253	0.302534703443495	-3.95384825994332	7.69041917013608e-05	0.0038440117004621	DUSP8
ENSG00000048028	209.472856976887	-0.730921363066425	0.185989304695703	-3.92991072396493	8.49774068092926e-05	0.00411532433318004	USP28
ENSG00000281103	160.649777259705	-0.903622764376124	0.232379490062409	-3.8885650542285	0.00010083864320965	0.00453208972072502	TRG-AS1
ENSG00000166012	188.74214474325	-0.56097594419787	0.144371658291277	-3.88563760254157	0.000102061662842014	0.00457424407905059	TAF1D
ENSG00000142856	46.7125348061297	-0.893386296416764	0.230330466563869	-3.87871526396198	0.000105009579635487	0.00466725403116729	ITGB3BP
ENSG00000185697	145.835989063266	-1.24941571415291	0.323484709802	-3.86236405089333	0.000112295058266085	0.00485653425843487	MYBL1
ENSG00000100650	1959.2936690456	-0.713954276861787	0.185101035874798	-3.85710578813132	0.000114737513584481	0.00493555872778281	SRSF5
ENSG00000237668	17.7046249936755	-1.48042203929503	0.383771561502251	-3.85756055894293	0.00011452430988988	0.00493555872778281	RPS15AP38
ENSG00000117280	420.08513502557	-0.550723143721004	0.14292263307287	-3.85329553395658	0.0001165385857643	0.00497714446069715	RAB29
ENSG00000256594	56.3207762980853	-0.894130077377793	0.232067891963979	-3.85288145555517	0.000116735915059471	0.00497714446069715	AC010186.2
ENSG00000090104	18.3512174870736	-1.55362900685914	0.403460105376129	-3.85076240787365	0.000117750690349896	0.00498498635003717	RGS1
ENSG00000231747	16.9658429149568	-1.22682139103301	0.319531319676557	-3.83944019094857	0.000123315164277941	0.00519315435915897	AC079922.1
ENSG00000272282	39.9035655585494	-1.54104938224353	0.401643214427777	-3.83686149021357	0.000124616709868887	0.00522056164450731	LINC02084
ENSG00000196569	5.57299819164129	-2.33259467677574	0.608593528355776	-3.83276286732404	0.000126712084445883	0.00528076725956932	LAMA2
ENSG00000221957	66.9815065076371	-1.74984967026183	0.457051183760817	-3.82856391676595	0.000128893158818839	0.00535774801359656	KIR2DS4
ENSG00000287958	23.2926003638893	-1.48498919150682	0.388970797089258	-3.81773953885298	0.00013468000034614	0.00549857660446262	AC092053.5
ENSG00000167315	178.924526375632	-0.536358480955056	0.140581228560041	-3.81529231497633	0.000136021817354498	0.00553926411028661	ACAA2
ENSG00000172031	4.8054241765943	-1.90301567561936	0.499928163511431	-3.80657825366914	0.000140902723094779	0.00565196048013932	EPHX4
ENSG00000114779	382.599609033701	-0.500991383169434	0.131764134308978	-3.80218324050643	0.000143426581545584	0.00569623638836358	ABHD14B
ENSG00000168229	60.688321696561	-1.44308002311677	0.380002978182975	-3.79754924557963	0.000146133750843583	0.00577516264109678	PTGDR
ENSG00000149328	20.4677332057949	-1.40622710247302	0.370776802554236	-3.79265124674923	0.00014904741399432	0.0058328433110704	GLB1L2
ENSG00000196177	93.149488080806	-0.687673765401759	0.18201774709576	-3.77805887818165	0.000158055516026844	0.00608153658189618	ACADSB
ENSG00000246526	53.7389527423865	-1.48071290306364	0.392554426621779	-3.77199390109103	0.000161948215539757	0.00617112386651323	LINC02481
ENSG00000141293	383.786384789525	-0.825790762415366	0.219143435954305	-3.76826601636179	0.000164385471014999	0.0062080062425869	SKAP1
ENSG00000181126	4.93225516585419	-4.464841032717	1.1846761499008	-3.76882832754831	0.000164015640210486	0.0062080062425869	HLA-V
ENSG00000172508	43.9995523017068	-1.07691920265645	0.286789154711678	-3.75509040339802	0.000173278922187902	0.00646572164303463	CARNS1
ENSG00000225079	13.1143595757703	-1.78951383627742	0.476994717515228	-3.75164288107717	0.000175679586839919	0.00650988214976096	FTH1P22
ENSG00000115085	1135.88395209455	-0.691342142985161	0.184358968009574	-3.74997837343752	0.000176849821885154	0.00652311584401676	ZAP70
ENSG00000224557	4.03848982580103	-2.55277830553789	0.683913903351853	-3.73260185679332	0.000189512022809295	0.00687703756141924	HLA-DPB2
ENSG00000163564	221.794386476427	-1.11067224623536	0.298170061085435	-3.72496233254324	0.000195344388405031	0.00699620694633645	PYHIN1
ENSG00000166979	35.3008168841781	-1.03318054726734	0.277579708445292	-3.72210401493009	0.000197569599671469	0.00704445383717493	EVA1C
ENSG00000157514	7348.9246456923	-0.668658733241015	0.179721070312195	-3.72053611788246	0.000198800306898438	0.00705965002432477	TSC22D3
ENSG00000109956	110.284064716561	-1.48458131073274	0.399526594701173	-3.7158510357568	0.000202520878688452	0.0071600177044205	B3GAT1
ENSG00000005379	101.027180936542	-1.02550237001603	0.276430551015191	-3.70980112816718	0.000207422115894317	0.00729843826650069	TSPOAP1
ENSG00000111796	415.343551409019	-1.49553670795302	0.403206041822065	-3.70911284264188	0.000207986724283575	0.00730229100903711	KLRB1
ENSG00000164615	201.800671829493	-0.542309708246366	0.146319403750474	-3.70634170414742	0.000210274558201765	0.00735044724694405	CAMLG
ENSG00000186594	70.8431087241739	-0.798804892574019	0.216019995567997	-3.69782848330157	0.000217451731552397	0.00753566529753392	MIR22HG
ENSG00000088179	376.752645279352	-0.825938469067217	0.223515836864075	-3.69521229750485	0.000219703134364393	0.00757399373665807	PTPN4
ENSG00000167664	94.1175791347842	-0.868481264959429	0.235048173761114	-3.69490752071143	0.000219966833757838	0.00757399373665807	TMIGD2
ENSG00000205981	96.4620839457238	-0.638295467535757	0.172750433454038	-3.69489936883767	0.000219973891011696	0.00757399373665807	DNAJC19
ENSG00000231409	20.1122408908845	-1.33094503475604	0.361141575989072	-3.68538302772516	0.000228358945898735	0.00780649622720698	AC018868.1
ENSG00000067840	195.99292272518	-1.30171860486868	0.353758636730857	-3.67968006915134	0.000233526744182881	0.00787511194541452	PDZD4
ENSG00000139428	37.2569103877943	-0.664159732115499	0.180675684797729	-3.67597738931524	0.000236940509356611	0.0079700429195531	MMAB
ENSG00000198034	8728.19914833655	-0.683846780470692	0.18610858006624	-3.67445058270444	0.000238361770478405	0.00798437287541964	RPS4X
ENSG00000245164	296.809030724347	-0.756716572289302	0.20628380385218	-3.66832760574628	0.000244142228307783	0.00814399595259538	LINC00861
ENSG00000070882	98.3338476161864	-0.588076914480177	0.160597570951593	-3.66180454035281	0.000250444913266072	0.008167646462839	OSBPL3
ENSG00000139714	22.0108672219719	-1.03322623328996	0.281868484847979	-3.66563233859653	0.000246728180939564	0.008167646462839	MORN3
ENSG00000182173	243.989699317251	-0.730370661185669	0.199336491206983	-3.66400881626477	0.000248298232448378	0.008167646462839	TSEN54
ENSG00000150637	263.589614668248	-0.625084319478032	0.170842958451396	-3.65882401677015	0.000253375249553806	0.00821974100986643	CD226
ENSG00000152942	93.5829630990574	-0.593320538923032	0.162351328409889	-3.65454686902884	0.000257636597434135	0.00830076145749137	RAD17
ENSG00000238121	40.4352728811866	-0.975328857156656	0.267875245463422	-3.64098166469001	0.000271600480497092	0.00860584919859633	LINC00426
ENSG00000175066	69.7132066116945	-0.944710384528198	0.259681476118352	-3.6379583120424	0.000274807891453261	0.00864567180072072	GK5
ENSG00000237729	12.7079578495987	-1.48252261021005	0.407721042980125	-3.63611992987645	0.000276775511652453	0.00869053441186616	AC002075.2
ENSG00000141736	98.7820260480392	-1.13196166541787	0.311483475979874	-3.63409860461109	0.000278954170939145	0.00870782037493888	ERBB2
ENSG00000152454	20.498021169693	-1.00083448102383	0.27553029847083	-3.63239355736329	0.000280804418937698	0.0087485570909813	ZNF256
ENSG00000167775	133.775528797725	-0.827057931701048	0.227913720225146	-3.62882028727378	0.000284719352121995	0.00883621277523676	CD320
ENSG00000263753	96.8017322279102	-0.679525528847158	0.187302817096846	-3.62795146052611	0.000285678951631308	0.0088487703020014	LINC00667
ENSG00000083535	52.8638339978607	-0.56028987273163	0.154506830298818	-3.62631135237209	0.000287498678388158	0.00887099287449613	PIBF1
ENSG00000102781	30.5600899482807	-0.922865769724705	0.254719474333376	-3.62306718848226	0.000291130160105621	0.00893151705333592	KATNAL1
ENSG00000187118	135.100426749965	-1.12375292354023	0.310113987367984	-3.6236770004404	0.00029044428051317	0.00893151705333592	CMC1
ENSG00000232859	19.4020936196608	-1.0539118570666	0.2915815952738	-3.61446632486167	0.000300966930126194	0.00916321516864284	LYRM9
ENSG00000108370	47.8924791034251	-1.38489450642516	0.383266920951473	-3.6133942970792	0.000302214590799238	0.00918377482835942	RGS9
ENSG00000198040	60.3605733733976	-0.651529507088479	0.180653527529174	-3.60651417107404	0.00031033791810784	0.00932466647198557	ZNF84
ENSG00000122223	402.131144312081	-0.631898140739938	0.175271502118447	-3.60525318207696	0.000311848753153648	0.0093350993364744	CD244
ENSG00000267364	49.9240631834265	-1.16662240704228	0.323792413353008	-3.60299487860573	0.000314571728925369	0.00938160481525566	AC022706.1
ENSG00000163596	8.61569434300776	-1.35769394349204	0.377083350882643	-3.60051415771624	0.000317588534126285	0.00943934968168304	ICA1L
ENSG00000027075	596.673768634336	-0.622591915583591	0.173268482711021	-3.59322079724074	0.000326615596257982	0.00958052512241193	PRKCH
ENSG00000116824	822.614552389144	-0.859350099913795	0.239289608322492	-3.59125540778036	0.000329088935046421	0.00963545978616755	CD2
ENSG00000125249	184.837595378803	-0.770808082384181	0.215535499296336	-3.57624653433267	0.000348562952965934	0.0100407407187404	RAP2A
ENSG00000234009	35.8830216012206	-1.15760666763773	0.324194837829724	-3.57071283240399	0.000356011041581431	0.0101280091527909	RPL5P34
ENSG00000162086	66.8765537859788	-0.544858755070945	0.152703728898376	-3.568077603616	0.000359610006268224	0.0102122877001304	ZNF75A
ENSG00000008226	20.4465258218055	-0.997597430998708	0.280041843308018	-3.5623156140329	0.000367598079036606	0.0103271159097701	DLEC1
ENSG00000133935	109.914459658277	-0.544669531789094	0.152939905617853	-3.56133037737088	0.000368980449112016	0.0103271159097701	ERG28
ENSG00000205045	27.5181271491366	-1.29281061764458	0.363211512194161	-3.55938777885841	0.000371720328487669	0.0103271159097701	SLFN12L
ENSG00000228205	35.157510782258	-1.08846103850277	0.305795430186194	-3.55944180670073	0.000371643870102626	0.0103271159097701	AC131235.1
ENSG00000211751	1339.9733512272	-0.74323691321047	0.209154151069482	-3.55353651557967	0.00038008842653393	0.010407028675319	TRBC1
ENSG00000083807	20.862954427685	-1.13026874640656	0.318489091141405	-3.54884602909284	0.000386923253467657	0.0105223450879467	SLC27A5
ENSG00000151876	35.0909919697518	-0.797250583550909	0.225000242781113	-3.54333210354132	0.000395104803039704	0.0106724857992795	FBXO4
ENSG00000117906	125.298661389072	-0.524301156010922	0.14822695605643	-3.53715120353223	0.000404468036591835	0.0108355400149612	RCN2
ENSG00000214223	28.3428581088302	-0.909159028524959	0.256996885963519	-3.53762663355389	0.000403740529638016	0.0108355400149612	HNRNPA1P10
ENSG00000283378	3.48227348983432	-2.49627371487561	0.70714705664697	-3.53006307727846	0.000415460603247803	0.0110001078863218	CNTNAP3C
ENSG00000159388	3214.74003885231	-0.866164486834914	0.24593286884208	-3.52195495833093	0.000428376919592006	0.0112492760635904	BTG2
ENSG00000147234	21.8479933489145	-1.33638159866772	0.379880109550209	-3.5179035834491	0.000434970371229488	0.0113586960640529	FRMPD3
ENSG00000166582	23.1402482452063	-1.03812688571154	0.295109906384621	-3.51776359672093	0.000435199878560233	0.0113586960640529	CENPV
ENSG00000150045	188.649232803751	-1.49355462761502	0.42481776284269	-3.51575371430051	0.000438507556261105	0.0114033285902908	KLRF1
ENSG00000089091	7.43839059512634	-1.36440011518339	0.388686355376023	-3.51028559740268	0.000447625632122933	0.0114533593753442	DZANK1
ENSG00000114126	184.000885767966	-0.692109453408781	0.197227670433863	-3.50919042894069	0.00044947296374128	0.0114533593753442	TFDP2
ENSG00000162398	8.03606244692604	-1.65320068431082	0.470797208492784	-3.51149211271536	0.000445598685295753	0.0114533593753442	LEXM
ENSG00000218226	18.8447238398955	-1.21701990504877	0.346634322263152	-3.51096191832052	0.000446488354936635	0.0114533593753442	TATDN2P2
ENSG00000213228	8.92047215059109	-1.40254564962659	0.40062286209517	-3.50091265958109	0.000463667775285196	0.0117007258938179	RPL12P38
ENSG00000137720	39.9288346254244	-0.843664615381289	0.241280350030389	-3.49661551500166	0.000471200435464619	0.0118362106259548	C11orf1
ENSG00000166780	22.0482708037681	-1.1941071194129	0.341513783784864	-3.49651222325225	0.000471382897474922	0.0118362106259548	BMERB1
ENSG00000234782	90.4621895699917	-0.964597835572058	0.275924120944803	-3.49588079602878	0.000472499729924026	0.0118457158853609	TPT1P9
ENSG00000132432	101.214643678326	-0.506939967774432	0.145080766039566	-3.49419141911739	0.000475499952064829	0.0118653137338728	SEC61G
ENSG00000159593	106.170161636617	-0.575706008439097	0.165007955062552	-3.488959112431	0.000484905314549089	0.0120624895688994	NAE1
ENSG00000240231	21.2516954427665	-1.27590478187796	0.366104360104088	-3.48508491271506	0.00049198088991307	0.0121818416337272	RPS27P29
ENSG00000142173	215.114531432764	-1.11706861745321	0.32097569157712	-3.48022808819095	0.000500987074779337	0.0123193894821054	COL6A2
ENSG00000225783	148.541048069572	-1.26567365740752	0.36375209823729	-3.47949513842219	0.000502359483852844	0.0123247062972766	MIAT
ENSG00000004534	471.39450703141	-0.510845938357409	0.146932970870739	-3.4767277577666	0.000507572919678508	0.012395749613762	RBM6
ENSG00000198821	1334.80675417282	-0.845085189708872	0.243157602094804	-3.47546275513682	0.000509972802112735	0.0124270140774653	CD247
ENSG00000239713	719.902068726567	-0.517828428679636	0.149005211329868	-3.47523703404754	0.000510402136307239	0.0124270140774653	APOBEC3G
ENSG00000169599	81.3558023874467	-0.524947259891761	0.151080490080187	-3.47461978454757	0.000511577900621605	0.0124338499296474	NFU1
ENSG00000148488	22.1760555277374	-1.10177256639696	0.317469027898422	-3.47048836130712	0.000519512856982067	0.0125725245705539	ST8SIA6
ENSG00000185920	121.129517628472	-1.04749102844918	0.301898800698269	-3.46967601734891	0.00052108650671937	0.0125916159643257	PTCH1
ENSG00000109321	4.3123115850969	-3.44898723829741	0.994888770334215	-3.46670637074211	0.00052687710639763	0.0126608700208255	AREG
ENSG00000164342	14.6378453947909	-1.25037722519028	0.360970023587829	-3.46393645866288	0.000532332238148508	0.0127102243468643	TLR3
ENSG00000211829	203.532293907013	-1.42937395328852	0.412965399841277	-3.46124385684102	0.000537685520476501	0.0128092010864993	TRDC
ENSG00000146285	232.443786002884	-0.521050370908608	0.150633412965912	-3.45906237301095	0.000542059361666881	0.0128468869393576	SCML4
ENSG00000167083	48.371173125174	-0.746992468556696	0.216017518341049	-3.45801800841607	0.000544165009031319	0.0128777692771497	GNGT2
ENSG00000178162	3.3991224962011	-2.59694240061014	0.752530470498499	-3.4509465097006	0.000558624272905793	0.0130657820098738	FAR2P2
ENSG00000188001	18.7993223619583	-1.49149994139592	0.432386180819336	-3.44946255814571	0.000561703620526611	0.0130996142316126	TPRG1
ENSG00000162676	92.646324407993	-0.926025125808338	0.268757928548171	-3.44557323689285	0.000569849527731186	0.0132318895404441	GFI1
ENSG00000237422	4.95814729286067	-2.43728916530321	0.707868385662339	-3.44313888664865	0.000575003935104828	0.0133130420472684	AL158071.3
ENSG00000126756	205.050652877764	-0.513877822532922	0.149587454470206	-3.43530026868177	0.000591897597333395	0.013596992990919	UXT
ENSG00000130590	40.881564575624	-0.816951831137682	0.237825311625934	-3.43509202427802	0.000592352639492204	0.013596992990919	SAMD10
ENSG00000231584	7.15082163242211	-1.30862462527755	0.380922954764785	-3.43540500489295	0.000591668857564659	0.013596992990919	FAHD2CP
ENSG00000100298	18.8782324781827	-1.02925118254123	0.300195587123179	-3.42860197381549	0.000606698568869626	0.0138273842862403	APOBEC3H
ENSG00000134545	53.943142870954	-1.74581122487295	0.509825827545328	-3.42432872276902	0.00061632020776675	0.0139707875029626	KLRC1
ENSG00000218426	132.91655190812	-0.804125434279557	0.234820640007966	-3.42442399548983	0.000616104153258221	0.0139707875029626	AL590867.2
ENSG00000243772	37.6807351047866	-1.83637988537799	0.536539191799897	-3.42263885554678	0.000620164134895172	0.0140148359780184	KIR2DL3
ENSG00000167094	75.0051097314404	-1.29698263251182	0.379086262168426	-3.42133905115132	0.000623135954034014	0.0140406146726559	TTC16
ENSG00000174482	3.92833442928741	-2.93265904167183	0.857405016300243	-3.42038941447583	0.000625315534615357	0.0140520836875398	LINGO2
ENSG00000186197	7.29967309155055	-1.7871348082848	0.522940239813114	-3.41747425848024	0.000632050708267941	0.0141835714883344	EDARADD
ENSG00000228140	9.99488165344861	-1.55656495246017	0.455576086832595	-3.41669590974852	0.000633860385212811	0.0142043154758932	AL031283.1
ENSG00000008517	2394.28124744898	-0.734278883668558	0.215378618888085	-3.40924687631182	0.000651424993142225	0.0145623191714159	IL32
ENSG00000143185	58.2596903101585	-1.224201720341	0.35909272327587	-3.40915212420085	0.000651651303526121	0.0145623191714159	XCL2
ENSG00000239636	20.5296989192062	-1.06970213354932	0.31464998744728	-3.39965732154542	0.000674703533421157	0.0148703546617341	TFAP2E-AS1
ENSG00000255819	4.35517678116351	-2.50116719746841	0.736397519616423	-3.39649052426362	0.000682559206033925	0.0150022773435813	KLRC4-KLRK1
ENSG00000251369	46.8000590665679	-0.764928330133854	0.225382347207131	-3.39391411799821	0.000689012966279897	0.0151027500600559	ZNF550
ENSG00000088881	11.2523814020375	-1.23813161709499	0.365718501015593	-3.38547711875863	0.00071054633039141	0.015172959249913	EBF4
ENSG00000090097	79.2460733331821	-0.842116190208505	0.248610933561965	-3.38728541879922	0.000705879110866235	0.015172959249913	PCBP4
ENSG00000171130	165.086774489616	-0.646806123112722	0.191127570970209	-3.38415917614282	0.000713965985271691	0.015172959249913	ATP6V0E2
ENSG00000204475	165.676490743429	-1.19917302508234	0.354077011644522	-3.38675764210938	0.000707238349348404	0.015172959249913	NCR3
ENSG00000260992	6.28427587177537	-1.47965742188589	0.437699306129618	-3.38053408165036	0.000723451023547581	0.0152133311570392	DOCK9-DT
ENSG00000272047	59.1084186000257	-0.682591731506457	0.201875998485111	-3.38124262729926	0.000721587963504714	0.0152133311570392	GTF2H5
ENSG00000122224	365.996753836114	-0.609297434247074	0.180416036663397	-3.37718001966668	0.000732331040520749	0.0153197542961609	LY9
ENSG00000142303	54.9677526042639	-0.943770002918962	0.279622478986442	-3.37515784260222	0.000737733649915064	0.0153926351272915	ADAMTS10
ENSG00000169429	973.809863674703	-2.10974136772912	0.6264193217622	-3.36793788830481	0.00075732655592156	0.0155985938251109	CXCL8
ENSG00000159267	53.342990012228	-0.782422232263695	0.232772817190868	-3.36131272416627	0.00077572941841715	0.0158625599430986	HLCS
ENSG00000230896	4.58400899578276	-1.74035582972834	0.517989848286692	-3.35982613459464	0.000779915378330841	0.0159207916607104	AL604028.1
ENSG00000143842	47.7366090719129	-0.971205176902058	0.289352773600431	-3.35647439911256	0.000789430291695948	0.0159929406947746	SOX13
ENSG00000181894	59.549712802774	-0.614999309755785	0.183216768710838	-3.35667588770987	0.000788855275396188	0.0159929406947746	ZNF329
ENSG00000239622	9.70959422297718	-1.65595997231257	0.493764764905136	-3.35374269290097	0.000797264633284129	0.0160907057120048	AC005165.2
ENSG00000007255	162.285357337811	-0.547391196176173	0.163253186493002	-3.35301998040718	0.000799349358720968	0.0161125131415552	TRAPPC6A
ENSG00000164211	48.4984163193567	-0.90173658726757	0.269077551348275	-3.35121448351678	0.000804579593603964	0.0161975904383634	STARD4
ENSG00000137501	108.787841333029	-1.00576526369258	0.300309312089527	-3.34909782415519	0.000810751648200517	0.0162153056260953	SYTL2
ENSG00000240891	76.3664340140311	-0.709500467634217	0.21186490929972	-3.34883426415133	0.000811523241991559	0.0162153056260953	PLCXD2
ENSG00000168944	178.414546432657	-0.513802772792038	0.153452595178955	-3.34828337176602	0.000813138226202232	0.0162273667156901	CEP120
ENSG00000160318	15.2040038853116	-1.15384561168766	0.344878765218331	-3.34565571457319	0.000820882525110701	0.0163412656518625	CLDND2
ENSG00000002016	34.2719845905733	-0.725098849024856	0.21686357226122	-3.34357145123225	0.000827073925156743	0.016423763773688	RAD52
ENSG00000152359	59.5368076713987	-0.59576375873095	0.178258140372891	-3.34214054676378	0.000831349542155228	0.0164400820106907	POC5
ENSG00000148600	14.2993003299464	-1.34738140241007	0.403856243843851	-3.33628964006071	0.000849046563250388	0.0166579399045651	CDHR1
ENSG00000095002	106.098791367255	-0.611425204125609	0.183391517784818	-3.33398846092229	0.000856102092338904	0.0167115528675181	MSH2
ENSG00000119714	92.0127599804941	-0.985574289175595	0.295638909729836	-3.33370965978816	0.000856960593409386	0.0167115528675181	GPR68
ENSG00000145990	99.6948418394322	-0.855103511516431	0.256424712507642	-3.33471568771261	0.000853866524248046	0.0167115528675181	GFOD1
ENSG00000139579	89.6238408278777	-0.56394253072637	0.16960814194657	-3.32497322507091	0.000884270266256993	0.0170941161711969	NABP2
ENSG00000147604	7368.15111658017	-0.643911519286924	0.193742958433827	-3.32353508221488	0.000888842420818142	0.0171104658966244	RPL7
ENSG00000170919	31.3786084837712	-0.712857745647552	0.214569458059121	-3.32227033658786	0.000892881409781806	0.0171104658966244	TPT1-AS1
ENSG00000235776	31.1080850232859	-0.875653893560641	0.263511497961615	-3.32301967972644	0.000890486319407575	0.0171104658966244	AC000089.1
ENSG00000234663	17.5883645888644	-1.16472493165271	0.351034395560131	-3.3179795096552	0.000906711357086677	0.0173122511389931	LINC01934
ENSG00000166260	92.1481562686895	-0.732449029426991	0.220988172926808	-3.31442637733189	0.00091831359221463	0.0174231325920855	COX11
ENSG00000176209	65.7146463135898	-0.644909772825618	0.194608948793997	-3.31387521911073	0.00092012559534955	0.0174302422401222	SMIM19
ENSG00000122034	772.777127296287	-0.546114580214847	0.164913063425977	-3.31153014121271	0.000927872437596565	0.0175355868801377	GTF3A
ENSG00000196204	35.0912395837262	-0.753775249699959	0.22785343047907	-3.30815844253527	0.000939116618025377	0.0176855940565929	RNF216P1
ENSG00000106355	86.0655121119486	-0.579066705701897	0.175064973530881	-3.30772452091766	0.000940572823722524	0.0176922520007361	LSM5
ENSG00000105202	1045.1772148406	-0.594911624596175	0.180100013072484	-3.30322921385211	0.000955782283711248	0.0179092676609181	FBL
ENSG00000133256	38.4089072923113	-0.792141707486095	0.239832427058307	-3.30289659827157	0.00095691666096209	0.0179092676609181	PDE6B
ENSG00000134954	3461.05889806963	-0.591807305539041	0.179329305386257	-3.3001148600021	0.000966452651209331	0.0180101426116768	ETS1
ENSG00000109906	107.036393388364	-0.893004069899696	0.270698720283247	-3.29888545082627	0.00097069512958188	0.0180682173481917	ZBTB16
ENSG00000085563	90.4322292120375	-0.981902256890052	0.297996327026133	-3.29501462883448	0.000984165563330869	0.0181909951412712	ABCB1
ENSG00000163818	36.9251475954871	-0.642719891484736	0.195076223645269	-3.29471157209539	0.000985227471347131	0.0181909951412712	LZTFL1
ENSG00000101052	105.762154233397	-0.591969500405993	0.179742791506365	-3.29342554126867	0.000989745525362877	0.0182063286817192	IFT52
ENSG00000226084	57.3234964826629	-0.936776891140462	0.284451770703872	-3.29327143516252	0.00099028821260347	0.0182063286817192	AC113935.1
ENSG00000164258	95.5087960735153	-0.577245036585346	0.175362906897084	-3.2917168561999	0.000995778116844581	0.0182806177171296	NDUFS4
ENSG00000197077	68.251452067969	-0.956015764718188	0.290541825977178	-3.290458306658	0.00100024323529003	0.0183306106998842	KIAA1671
ENSG00000080493	13.3145411036659	-1.14530587058096	0.348286393683181	-3.28840256568503	0.00100757653597114	0.0183387133376768	SLC4A4
ENSG00000189350	25.7042699268244	-0.801696543373045	0.243743529987719	-3.28909876464593	0.00100508747913111	0.0183387133376768	TOGARAM2
ENSG00000124203	201.274008642219	-0.652702848874712	0.198612639983472	-3.2863107248815	0.00101508967458641	0.0183827469850326	ZNF831
ENSG00000220749	202.254012100917	-0.837112089246342	0.254685340564302	-3.28684834153221	0.00101315381392783	0.0183827469850326	RPL21P28
ENSG00000125743	742.96031925987	-0.663585963395042	0.202463848267625	-3.27755285238818	0.00104711125391833	0.0186744278219329	SNRPD2
ENSG00000140474	207.072204313779	-0.556764978359807	0.169833351048578	-3.27830178773634	0.00104433678935192	0.0186744278219329	ULK3
ENSG00000140367	176.983190100216	-0.548213582800087	0.167330226079052	-3.27623762691323	0.00105200007671273	0.0186925152058204	UBE2Q2
ENSG00000181163	1734.09996847445	-0.598233933254656	0.182591706464095	-3.2763477862139	0.00105158979481135	0.0186925152058204	NPM1
ENSG00000163923	16.194832547361	-1.21694743580712	0.371510952140237	-3.27567041778016	0.00105411495968069	0.0187066351071242	RPL39L
ENSG00000274767	37.6632416915697	-1.42355708318609	0.434620902123754	-3.27539949466293	0.00105512650495153	0.0187066351071242	AC243829.1
ENSG00000159733	80.916189752567	-0.661100794408971	0.202099778339072	-3.27116041314905	0.00107107137249349	0.0188849891996242	ZFYVE28
ENSG00000240204	7.91308785929696	-1.79561335494334	0.548896289185503	-3.2713162583187	0.00107048125195193	0.0188849891996242	SMKR1
ENSG00000271614	34.4917825424404	-1.09681436723279	0.335554900936993	-3.26865846444228	0.00108058649614687	0.0190318444903145	ATP2B1-AS1
ENSG00000121851	91.6185798260146	-0.658274287134711	0.201648632850924	-3.26446193970164	0.00109672196665033	0.0192602470808649	POLR3GL
ENSG00000167912	19.3949973749507	-1.1029173380074	0.337867378792262	-3.26434988174911	0.00109715586362795	0.0192602470808649	AC090152.1
ENSG00000153563	1099.92737993085	-0.940864174061311	0.288647786966478	-3.25955789908958	0.00111586002066711	0.0195271921871791	CD8A
ENSG00000174080	60.1281328173235	-0.919998014640859	0.282373079577826	-3.25809392317548	0.00112163276500442	0.0195790004170519	CTSF
ENSG00000107679	142.8153104384	-0.715848869371369	0.220093451854999	-3.25247690623245	0.00114403892020546	0.0198016229500502	PLEKHA1
ENSG00000145604	66.339544047307	-0.507770941473109	0.156094669041191	-3.25296785977436	0.00114206414060561	0.0198016229500502	SKP2
ENSG00000283041	134.136055690563	-0.691215869193581	0.212499195822477	-3.25279287066586	0.00114276764374438	0.0198016229500502	AC008038.1
ENSG00000164241	11.9253918952662	-1.05028902922854	0.323134301230377	-3.250317361015	0.00115276286724845	0.0198683455213339	C5orf63
ENSG00000177954	11823.0067726489	-0.767934826962496	0.236266075974701	-3.25029661492633	0.0011528469729113	0.0198683455213339	RPS27
ENSG00000050405	78.794445215605	-0.70382553085036	0.216645931098337	-3.24873643960057	0.00115918827591646	0.0199385652983127	LIMA1
ENSG00000115365	128.618482811465	-0.638960873272106	0.196814235420494	-3.246517569763	0.00116826236762697	0.0200050903826838	LANCL1
ENSG00000196526	8.31064228008474	-1.23289071605217	0.380016024895057	-3.24431243759428	0.00117734527223544	0.0201176835921381	AFAP1
ENSG00000214174	34.6938011044408	-0.732012855419073	0.225745497525391	-3.24264653533893	0.00118425031727371	0.0201712275378522	AMZ2P1
ENSG00000100316	16823.468890567	-0.621396754633588	0.191716957084753	-3.24121957745702	0.00119019468746344	0.0202439485170025	RPL3
ENSG00000184381	89.5423384702434	-0.564574628120475	0.174196780176059	-3.24101643870722	0.00119104315363355	0.0202439485170025	PLA2G6
ENSG00000232385	27.2335270999547	-1.17253690317672	0.3620528369184	-3.23857952103546	0.00120126528173667	0.0203960861856771	RPS3AP25
ENSG00000075234	401.450345651693	-0.735796213732386	0.227220641057942	-3.2382454794006	0.00120267278383404	0.0203983983262337	TTC38
ENSG00000184612	19.6196348866068	-1.37777590371483	0.425650024278258	-3.23687495625313	0.00120846351817549	0.0204604707660058	RPL7P26
ENSG00000219133	39.6980092420712	-1.08505604181471	0.33525087436385	-3.23654947619045	0.00120984251584974	0.0204604707660058	AL592114.1
ENSG00000229752	3.41913052921164	-2.30382270754552	0.712380485630493	-3.2339778447279	0.00122078925444231	0.0205751718356374	RPL7P10
ENSG00000027001	27.8313441124733	-0.695622782872056	0.21525372314837	-3.23164111959437	0.00123081531677707	0.020651936272932	MIPEP
ENSG00000101665	98.8458758335966	-0.795600516501197	0.246207913950894	-3.23141731609763	0.00123177955831698	0.020651936272932	SMAD7
ENSG00000185246	76.7335213334234	-0.660990815772339	0.204752397931858	-3.22824456489305	0.00124552439211336	0.0207243059738684	PRPF39
ENSG00000114735	111.559617048718	-0.588316370540984	0.182475235822058	-3.22408883534577	0.00126374189636055	0.0209470441395713	HEMK1
ENSG00000123154	11.6199209577817	-1.24041679090976	0.385015877131502	-3.22172893271644	0.00127419621987873	0.0210550755385729	WDR83
ENSG00000196542	6.48884667512372	-1.41324888767788	0.438755989744124	-3.22103611281082	0.0012772805245596	0.0210843271775297	SPTSSB
ENSG00000149273	13052.8127491306	-0.696102972249096	0.216291093693004	-3.21836170118554	0.00128925126762381	0.0212164477836145	RPS3
ENSG00000163918	34.3253976749701	-0.778895148815021	0.24212417886689	-3.21692427604772	0.00129572792761978	0.0212793803466319	RFC4
ENSG00000241741	47.9479293144439	-1.0649958732165	0.331140678869961	-3.21614329248485	0.00129925941167761	0.0213155595709276	RPL7AP30
ENSG00000133800	6.89302202125288	-1.39236517576289	0.433034151311256	-3.21537036177567	0.00130276322641521	0.0213204452784754	LYVE1
ENSG00000179958	67.2428769116306	-0.556843153854704	0.173196684279193	-3.21509130600372	0.00130403037058272	0.0213204452784754	DCTPP1
ENSG00000267554	14.8219628123995	-1.31982880665601	0.410704790287081	-3.21357052040581	0.00131095600913751	0.0213904400986598	AC015911.7
ENSG00000170846	117.752908725078	-0.766091328592149	0.238846753440921	-3.20745966840885	0.00133912835993525	0.0217761622702663	AC093323.1
ENSG00000108298	11862.6910494089	-0.546223594769404	0.170372623079235	-3.20605262099753	0.00134569377467837	0.0218246896335828	RPL19
ENSG00000166483	37.4111827447609	-0.760601890370304	0.237253943398893	-3.20585563078086	0.00134661531550309	0.0218246896335828	WEE1
ENSG00000239961	41.9827339583059	-1.22751897481759	0.383082542379648	-3.20431979800603	0.0013538200902638	0.021853162322216	LILRA4
ENSG00000172057	732.405731637456	-0.541872942495206	0.169475920638161	-3.19734473460763	0.00138699057565781	0.022165601380906	ORMDL3
ENSG00000148303	10676.0852285703	-0.586322150650966	0.183424785807	-3.19652629316899	0.00139093148861621	0.0221843893984563	RPL7A
ENSG00000108474	23.3691376346257	-0.949682727339329	0.297137074503123	-3.19610983896036	0.00139294073684492	0.0221943735081199	PIGL
ENSG00000176624	255.99178657086	-0.63895115384088	0.200266896847407	-3.19049809978195	0.00142027774951598	0.0224959096653345	MEX3C
ENSG00000198934	45.6715352127295	-0.750188120100392	0.235741775236917	-3.18224514660783	0.00146138066018418	0.0229880908751522	MAGEE1
ENSG00000242071	105.920498998643	-0.784753875188964	0.246768319235829	-3.1801240840766	0.00147212001500328	0.0230893667452622	RPL7AP6
ENSG00000213923	86.2419980129073	-0.632674723966003	0.199193551077003	-3.17618075758601	0.00149227936240551	0.0232688264040782	CSNK1E
ENSG00000143184	30.0745867656362	-1.58521583538063	0.4993342629722	-3.17465864638432	0.00150012861236723	0.0233232205285196	XCL1
ENSG00000173334	499.524369379052	-0.783994066373449	0.247097276307729	-3.17281549229658	0.00150968433305582	0.0234263879341206	TRIB1
ENSG00000156804	102.22817651378	-0.797793206885972	0.251618311121903	-3.1706484449753	0.00152099096462605	0.0234961083821986	FBXO32
ENSG00000203739	20.7931495766298	-0.729034716093238	0.229959683822058	-3.17027186668669	0.00152296370941019	0.0234961083821986	PRDX6-AS1
ENSG00000213145	43.1374148106963	-0.924752270500843	0.291683104344998	-3.17040053649135	0.00152228939425832	0.0234961083821986	CRIP1
ENSG00000234031	6.60350582211905	-1.71707644517272	0.541830978148712	-3.16902597750963	0.00152950723983556	0.0235546244906961	RPS3AP44
ENSG00000230734	10.5735463072599	-1.13431258183408	0.35807597029595	-3.1677986682451	0.00153597849671983	0.0236287391945059	RPL10P3
ENSG00000106524	66.2120218011201	-0.604178707033969	0.190876130745618	-3.16529209112669	0.0015492733846251	0.0237758892366214	ANKMY2
ENSG00000178053	3.21160962974086	-2.16968179323651	0.685489327538552	-3.16515765610441	0.00154998941361832	0.0237758892366214	MLF1
ENSG00000149294	70.5167392024636	-1.14838933568881	0.363037095022301	-3.16328372894859	0.00156000212337424	0.023883811135057	NCAM1
ENSG00000119943	43.5231547635519	-0.792790175910873	0.2506675622916	-3.1627154653087	0.00156305020070524	0.0239076648906726	PYROXD2
ENSG00000214389	277.27566630445	-0.874540236690145	0.277052075123994	-3.15659154077351	0.00159624774775164	0.0242306481671476	RPS3AP26
ENSG00000224429	10.2485977997594	-1.13593716632579	0.360177273463093	-3.15382798976678	0.00161144035423683	0.0243964949566984	LINC00539
ENSG00000144824	26.1934154527015	-0.924841148913884	0.293465973641092	-3.15144252479833	0.00162466134232763	0.0245458486230197	PHLDB2
ENSG00000187824	17.1683829711914	-0.859852211042654	0.273384934515207	-3.14520700479501	0.00165969348241354	0.0249109279002106	TMEM220
ENSG00000155324	18.405145467504	-0.796639999002799	0.253340127105502	-3.14454724604699	0.00166344048787172	0.0249438342316839	GRAMD2B
ENSG00000220472	33.1798492855377	-1.02698979203418	0.326792851921982	-3.14263236173647	0.00167435992107332	0.0250373764525829	AL139095.2
ENSG00000242660	14.7979894078217	-0.973257025704594	0.309684868974315	-3.14273354370863	0.00167378129499685	0.0250373764525829	AC015911.1
ENSG00000146433	132.647308607145	-0.554385282331135	0.176641842790832	-3.13847089439393	0.00169831800489688	0.0252727399858145	TMEM181
ENSG00000224631	174.651120785361	-0.901902581692087	0.287389532096729	-3.13825829045341	0.00169955041724487	0.0252727399858145	RPS27AP16
ENSG00000167077	114.710183170138	-0.625167479517391	0.199383519438075	-3.13550227862017	0.00171560095591587	0.02539374293143	MEI1
ENSG00000286640	22.1971155434858	-1.65735910355604	0.528522045940667	-3.1358372205766	0.00171364289715991	0.02539374293143	AC093151.5
ENSG00000245937	50.4751114113353	-0.607231554231987	0.193714409031006	-3.13467416940984	0.00172045088874731	0.0254285779462113	LINC01184
ENSG00000171863	5155.92826342667	-0.578577215222982	0.184756455131508	-3.13156698536544	0.001738761157945	0.0256066702116853	RPS7
ENSG00000198755	5517.80176401367	-0.623618833711993	0.199123818108012	-3.13181436373281	0.00173729684750018	0.0256066702116853	RPL10A
ENSG00000198756	24.2006361511625	-1.17610358236802	0.375580137310937	-3.13143179186375	0.00173956189035444	0.0256066702116853	COLGALT2
ENSG00000100427	140.978536761547	-0.914628732586243	0.292266255228811	-3.12943665655206	0.00175141829316488	0.0256226138734653	MLC1
ENSG00000142875	548.986637401621	-0.702175261175823	0.224353130853484	-3.12977696591355	0.00174939071028512	0.0256226138734653	PRKACB
ENSG00000169740	71.6812223504276	-0.726757734983822	0.232180319439231	-3.13014357435251	0.00174720885098122	0.0256226138734653	ZNF32
ENSG00000229605	38.4461880091394	-1.03597608200577	0.331160169126825	-3.12832332685824	0.00175806668255493	0.0256905099468067	RPL21P93
ENSG00000143947	5577.57828173174	-0.636505362290285	0.203663152007507	-3.12528484419617	0.00177632961898704	0.0258631658227288	RPS27A
ENSG00000136243	49.2432692049366	-0.502172278629254	0.160732801352893	-3.12426756954681	0.00178248285590635	0.0258648944561121	NUP42
ENSG00000114942	2965.67858821078	-0.681927415358693	0.218306618207883	-3.12371388900966	0.0017858401576324	0.0258750044734219	EEF1B2
ENSG00000153234	22.6102440510631	-1.32948620739027	0.425632712106083	-3.12355270066487	0.0017868186323809	0.0258750044734219	NR4A2
ENSG00000205871	59.4624388395183	-1.03079845531706	0.330369688740999	-3.1201362910905	0.00180767380112763	0.0260721470106566	RPS3AP47
ENSG00000137970	136.412983828297	-0.718474283124963	0.230411062585396	-3.1182282441785	0.00181941843448693	0.0261114210924355	RPL7P9
ENSG00000177150	38.1499983558606	-0.564788196587239	0.181089240466926	-3.11883906040454	0.00181565105806097	0.0261114210924355	FAM210A
ENSG00000236439	103.881788803226	-0.993521012035868	0.318612941567064	-3.11826948130023	0.00181916386729785	0.0261114210924355	AC099336.2
ENSG00000142534	16970.2281510458	-0.535733217531144	0.172074783135484	-3.11337435834123	0.00184961243325083	0.0263843265774129	RPS11
ENSG00000197353	17.915936129612	-2.16698209586483	0.696035482499627	-3.11332130379716	0.00184994499218383	0.0263843265774129	LYPD2
ENSG00000165516	112.383784264125	-0.557671425281667	0.179315186807461	-3.11000666039774	0.00187083125326613	0.0265172150694832	KLHDC2
ENSG00000122483	16.2160475133555	-0.93227255851042	0.300230127424202	-3.10519322797072	0.0019015475701857	0.0268813486904226	CCDC18
ENSG00000214113	85.2477410536963	-0.519547257919991	0.16735765041123	-3.10441295419339	0.00190657019467643	0.0269286256809713	LYRM4
ENSG00000205809	25.4437897042107	-2.3699046898904	0.764110756630165	-3.10151986387681	0.00192529954654974	0.0271215375104394	KLRC2
ENSG00000101096	415.826847815534	-0.644428110838426	0.20781287879948	-3.10100179816208	0.00192867119395548	0.0271408638397396	NFATC2
ENSG00000138134	51.9717265020899	-0.561793562556893	0.181190151008329	-3.1005745038044	0.00193145616721639	0.0271408638397396	STAMBPL1
ENSG00000153898	24.3308751771406	-1.10802512068637	0.357574869754748	-3.09872201434718	0.00194357288191252	0.0272354820002501	MCOLN2
ENSG00000112796	24.877076928212	-1.25326162354883	0.404560765112247	-3.0978328390325	0.00194941353046813	0.0272813449060454	ENPP5
ENSG00000163322	41.6400962790414	-0.513862872770901	0.165909519011351	-3.09724767953637	0.00195326600390853	0.027283787196651	ABRAXAS1
ENSG00000133067	67.8295932156381	-1.05675079649499	0.341458028655323	-3.0948190050078	0.00196933032055984	0.0273338278489469	LGR6
ENSG00000185834	45.5356582465492	-0.977657681100596	0.315881519167451	-3.09501386367062	0.00196803697892602	0.0273338278489469	RPL12P4
ENSG00000198851	2460.55172603661	-0.57261417451028	0.185007383111893	-3.09508823312182	0.00196754356980617	0.0273338278489469	CD3E
ENSG00000142541	20512.1804505817	-0.622666255082271	0.201285142166622	-3.09345363686522	0.00197841463192467	0.0274124894380236	RPL13A
ENSG00000279672	6.33053833135265	-1.59865019444533	0.51676155184185	-3.09359353215693	0.00197748209003188	0.0274124894380236	AP006621.5
ENSG00000236312	16.997527569743	-1.41718252867021	0.458347119007032	-3.09194160910275	0.00198851959894977	0.0274813066021955	RPL34P34
ENSG00000085382	28.5007930064528	-0.734981510675539	0.237847682199936	-3.09013526588714	0.00200065358472386	0.0275808035171155	HACE1
ENSG00000174600	181.770827368447	-0.812084818892956	0.262971951963877	-3.08810431237361	0.00201437750413131	0.0275808035171155	CMKLR1
ENSG00000177432	11.9371421482786	-1.10160266732684	0.356499047103926	-3.09005781719721	0.00200117535701152	0.0275808035171155	NAP1L5
ENSG00000185420	37.5111409084681	-0.764943208247009	0.247724204247655	-3.08788239150939	0.00201588233128705	0.0275808035171155	SMYD3
ENSG00000256069	2.91162996868583	-2.95777145201747	0.957668365576072	-3.08851326652966	0.00201160711946518	0.0275808035171155	A2MP1
ENSG00000155366	276.55470849515	-0.539387312292473	0.174852336781414	-3.08481614956493	0.00203678013453539	0.0277598181380259	RHOC
ENSG00000186787	10.0381872896247	-1.11668697079312	0.361966756968942	-3.08505394292033	0.00203515238470396	0.0277598181380259	SPIN2B
ENSG00000162851	41.2723950405881	-0.566185180708008	0.183626263369992	-3.08335621668231	0.00204679991668265	0.0278548809696124	TFB2M
ENSG00000198440	19.4352050295776	-0.859183579596758	0.278876968867381	-3.08086961460536	0.00206397008116447	0.0280109400900281	ZNF583
ENSG00000224839	3.15059754535791	-2.06087590281505	0.668976803449528	-3.0806388086826	0.00206557049558109	0.0280109400900281	RPL12P17
ENSG00000131116	89.8157492351677	-0.607197996080829	0.197154441099241	-3.0798088680903	0.00207133473702983	0.0280240541827338	ZNF428
ENSG00000213885	43.4813113143825	-0.848302274058283	0.275594972020027	-3.07807601800747	0.00208341761254096	0.0281384137990065	RPL13AP7
ENSG00000118922	265.505553485006	-0.756474230652525	0.245827045331121	-3.07726202230344	0.00208911575747	0.0281558400121809	KLF12
ENSG00000137168	63.0221886009927	-0.594155299426051	0.19307823275509	-3.07727748979195	0.00208900734862772	0.0281558400121809	PPIL1
ENSG00000198885	60.1712889436725	-0.792590199306294	0.257824843433514	-3.07414207549274	0.00211108869897086	0.0284164582004929	ITPRIPL1
ENSG00000135736	50.8652507619601	-0.747425938354384	0.243262993634927	-3.07250160489297	0.00212272691837406	0.0285252541083013	CCDC102A
ENSG00000134419	847.381599545488	-0.714320675854743	0.232614150904828	-3.07083929793678	0.00213458004385785	0.0286126456171255	RPS15A
ENSG00000135362	366.882587644135	-0.668628606494205	0.217913410255779	-3.06832243921745	0.00215264211782425	0.0287586534392091	PRR5L
ENSG00000242899	14.9016563853409	-1.18523798551622	0.386255767943315	-3.06853148582665	0.00215113658949171	0.0287586534392091	RPL7P16
ENSG00000145425	3845.29861799506	-0.788836668331312	0.257200339344804	-3.06701254882014	0.00216209780207077	0.0287652232456264	RPS3A
ENSG00000216937	12.3024746625944	-1.20673360042886	0.393439170122098	-3.06714148480531	0.00216116536724155	0.0287652232456264	CCDC7
ENSG00000265936	18.9375818032155	-1.41832360463563	0.462378606233334	-3.06745075467417	0.00215893030249831	0.0287652232456264	AC091042.1
ENSG00000138669	3.81446745204536	-2.41515346993399	0.787818984746696	-3.06561978918359	0.0021721934487622	0.0287806413927004	PRKG2
ENSG00000152217	56.3716849271142	-0.783375524244154	0.255569980223105	-3.06520947241257	0.0021751759275136	0.0287806413927004	SETBP1
ENSG00000169239	114.372165569326	-0.62650934405986	0.204443260812467	-3.06446562029037	0.0021805923552162	0.0287963821723819	CA5B
ENSG00000244073	34.2391980594452	-0.848534778010461	0.276998289707773	-3.06332136167933	0.00218894852070156	0.0288547068873756	RPS4XP6
ENSG00000181045	92.9768926491115	-0.530772662404414	0.173326256191976	-3.06227500706259	0.00219661540473846	0.0289127925914918	SLC26A11
ENSG00000124713	7.95978244192663	-1.35938021683131	0.444146680051695	-3.06065603523839	0.00220852650241565	0.0289534914330889	GNMT
ENSG00000204228	48.6294444104875	-0.633118678749545	0.206859045863051	-3.06062843956408	0.00220873004138989	0.0289534914330889	HSD17B8
ENSG00000159433	42.7760072308119	-0.886861308816939	0.290006480848289	-3.05807410311248	0.00222764482054481	0.0290887283587165	STARD9
ENSG00000139537	51.1381346423027	-1.02450602164318	0.335192254727565	-3.05647283668852	0.00223957771843405	0.0291909216021725	CCDC65
ENSG00000256271	3.14463084495636	-1.79447133109062	0.587748618941095	-3.05312726097697	0.00226469873810341	0.0294704714135192	CACNA1C-AS2
ENSG00000131067	63.1669392153803	-0.512869772192851	0.168057463103322	-3.05175243468681	0.00227509657150603	0.029533919490141	GGT7
ENSG00000235532	39.9022676406108	-1.04612007233178	0.343124935954726	-3.04880223706565	0.00229755673398257	0.0296737127243135	LINC00402
ENSG00000260565	50.4735000719891	-0.597219935409294	0.195943132912923	-3.04792480619721	0.00230427578551248	0.0296737127243135	ERVK13-1
ENSG00000104490	91.6655365510686	-0.991584134619878	0.325781450668908	-3.04370961754856	0.0023368057990579	0.0299952392367072	NCALD
ENSG00000225338	12.1800264620175	-1.33736414907517	0.439680119564158	-3.04167527610951	0.00235265547154263	0.0301504449208479	RPL23AP18
ENSG00000184508	24.5315514022536	-0.736591778342404	0.242632729951651	-3.03583023811001	0.00239874379286119	0.0305944707126055	HDDC3
ENSG00000221817	30.6436733671184	-0.59058953647119	0.194663752228488	-3.03389578034014	0.00241417814261539	0.0307180716084567	PPP3CB-AS1
ENSG00000229251	7.80065912274968	-1.22693070977835	0.404918520384709	-3.03006814460513	0.00244498566607538	0.0309627427089025	HNRNPA1P8
ENSG00000213626	1406.17020811435	-0.515213082497768	0.170205694415232	-3.02700261743805	0.00246991819664804	0.0311646186948625	LBH
ENSG00000123106	79.7545929731	-0.558196119577258	0.184545947045335	-3.0246999650452	0.00248879888052912	0.0312119656113044	CCDC91
ENSG00000228668	11.341964796413	-2.29931988148001	0.759813174231814	-3.02616479874105	0.00247677270192014	0.0312119656113044	TRGV5P
ENSG00000274712	27.7285467440182	-0.754596784677862	0.249489806806034	-3.0245595775563	0.002489954252569	0.0312119656113044	AC005332.4
ENSG00000284691	63.2126350909888	-0.566480553481191	0.18722016269826	-3.02574543957736	0.00248021016685042	0.0312119656113044	AC073111.3
ENSG00000100271	26.4945638041722	-0.641713756904191	0.212291377599919	-3.02279708276026	0.00250450118237168	0.0313453365609623	TTLL1
ENSG00000130433	22.1844540625368	-0.999794267796902	0.330742424932052	-3.02287880970305	0.00250382492547489	0.0313453365609623	CACNG6
ENSG00000253945	4.70903039536991	-1.7264442617105	0.571374120677503	-3.02156537937592	0.00251471327755868	0.0314486161640133	AC024995.1
ENSG00000237489	29.0040396568777	-0.823692354160426	0.272741925942902	-3.02004303633488	0.00252738770406263	0.0315333870230831	C10orf143
ENSG00000170113	65.0716100998005	-0.581240674806734	0.192664666798129	-3.01685142619196	0.00255414965296121	0.0317438661361445	NIPA1
ENSG00000180376	68.2274351357032	-0.733973978449996	0.243282115960202	-3.01696643648917	0.00255318079710454	0.0317438661361445	CCDC66
ENSG00000224861	107.757822913081	-0.805653495517664	0.267008257222633	-3.01733550826447	0.00255007397666529	0.0317438661361445	YBX1P1
ENSG00000172878	10.3300317521814	-1.14224713006389	0.378736102218568	-3.01594467327728	0.00256179999471214	0.0317651320828101	METAP1D
ENSG00000234498	46.425565500916	-0.851996059781186	0.282705631358052	-3.01372157211158	0.00258064521574867	0.0319494232150366	RPL13AP20
ENSG00000183172	326.750053861881	-0.60717670773324	0.201712395635868	-3.01011103367845	0.00261152202259034	0.0322570214414643	SMDT1
ENSG00000279207	24.8549544512362	-0.850890402489181	0.283246119779454	-3.00406728661179	0.00266396402028641	0.0326534016084762	AC015813.6
ENSG00000198860	101.842707720542	-0.529009840155721	0.176162503630549	-3.00296504223833	0.00267363140769504	0.0327468823942496	TSEN15
ENSG00000223705	38.8357175534543	-0.716432914628827	0.238751359284239	-3.00074905029502	0.00269316416339036	0.0327859021256436	NSUN5P1
ENSG00000228649	12.1546186213158	-1.0928566231626	0.364673468438112	-2.99680870079	0.00272821856375926	0.0329129825981334	SNHG26
ENSG00000230979	107.632890069737	-0.821074985846757	0.273967018020125	-2.99698478955757	0.00272664317537331	0.0329129825981334	AC079250.1
ENSG00000121753	11.0125666600922	-1.44513376021305	0.482586965728557	-2.99455613773435	0.00274844474239466	0.0330086268957823	ADGRB2
ENSG00000162545	14.052169769201	-1.16751721904309	0.389968555473976	-2.99387528213413	0.0027545851749306	0.0330323760327067	CAMK2N1
ENSG00000171960	58.1021905055247	-0.587035498506259	0.196229272946582	-2.99157964401194	0.00277538132117956	0.0332465495765038	PPIH
ENSG00000076248	86.5547380793519	-0.637647506125054	0.21333018843578	-2.98901674817114	0.0027987678989006	0.0333379591223905	UNG
ENSG00000112149	48.2939285360225	-0.66854469983988	0.223804364719341	-2.9871834746309	0.00281560688985433	0.0335136591600242	CD83
ENSG00000142676	7239.26367388707	-0.542924431536919	0.181927900057482	-2.98428350662749	0.00284243269129688	0.0337100409929035	RPL11
ENSG00000169288	51.0422445316563	-0.669281706290219	0.224270246755686	-2.98426436842207	0.00284261049943275	0.0337100409929035	MRPL1
ENSG00000198242	1445.54211821191	-0.620405422415635	0.207864355828511	-2.98466478267911	0.00283889246945315	0.0337100409929035	RPL23A
ENSG00000255717	153.212883011141	-0.513477347283235	0.172120243608506	-2.98324785346668	0.00285206928565388	0.0337722890688682	SNHG1
ENSG00000166289	189.175115783516	-0.951781347442958	0.319211424659803	-2.9816644202422	0.00286686056632817	0.0338891794007953	PLEKHF1
ENSG00000251562	659.842167114675	-0.614029983999558	0.206125221861916	-2.97891727394186	0.00289268864710279	0.0340772315291954	MALAT1
ENSG00000122406	5632.28999359407	-0.580995632156835	0.195155975529441	-2.97708348709612	0.00291004754182324	0.0341563370947724	RPL5
ENSG00000273716	41.0760862412053	-1.06772856339468	0.358922714822372	-2.97481468656308	0.00293165590491497	0.0342775226324436	AC092670.1
ENSG00000243824	32.3260605657077	-1.24993812025957	0.42071111212992	-2.97101284996146	0.00296819361120158	0.0346109494852684	RPL12P6
ENSG00000147364	85.503421843363	-0.543705515575098	0.183050102921161	-2.9702551754875	0.00297552473966403	0.0346638771369719	FBXO25
ENSG00000260592	144.125018362157	-1.2367472750579	0.416438649886133	-2.96981866451653	0.00297975584202815	0.0346701830930686	AC130456.3
ENSG00000135469	28.4697230751642	-0.688496466775486	0.2318489475411	-2.96959064976319	0.00298196817172876	0.0346707821126	COQ10A
ENSG00000130653	21.3295146088439	-0.79739295787177	0.268689893391663	-2.96770729931932	0.00300029890483033	0.0348082400057864	PNPLA7
ENSG00000178573	204.81316822697	-0.586865049502481	0.198017572663364	-2.96370186549135	0.00303962621522797	0.035162799295842	MAF
ENSG00000144713	9684.10778958855	-0.576623345918289	0.194670385307264	-2.96204964616553	0.00305598504614794	0.0352612973759353	RPL32
ENSG00000174652	236.371530734443	-0.574396748799707	0.193939407534306	-2.96173302838466	0.00305912907119364	0.0352612973759353	ZNF266
ENSG00000120699	71.4199112306231	-0.541373013027209	0.18296701450417	-2.95885580520783	0.00308783548976712	0.0354406310484667	EXOSC8
ENSG00000133112	12873.0215659344	-0.557637209880416	0.188520800608775	-2.95796118030309	0.00309681120865817	0.0355028821727049	TPT1
ENSG00000089692	90.125128130312	-0.838984796269977	0.283861917645649	-2.95560885105166	0.00312052561924731	0.035690524207806	LAG3
ENSG00000155970	3.37022419871343	-1.53957599775859	0.520905177378454	-2.95557822156188	0.00312083549165172	0.035690524207806	MICU3
ENSG00000138378	173.419184989084	-0.669984698521624	0.226796045941603	-2.95412865660866	0.00313553256907281	0.0358075587692336	STAT4
ENSG00000189007	18.7714024792884	-0.829197493700955	0.280958918360665	-2.95131223646199	0.00316426866661892	0.036058729230043	ADAT2
ENSG00000182866	1577.0298368085	-0.521891157233276	0.176867434958347	-2.95074758875869	0.00317005860691444	0.0360734683318739	LCK
ENSG00000256667	20.4913222312445	-1.36640470363349	0.463106637045245	-2.95051850768443	0.00317241037388633	0.0360746452508903	KLRA1P
ENSG00000154328	54.3617814766119	-0.508620836462345	0.172459883750732	-2.9492124510387	0.00318584887364728	0.0361936320282396	NEIL2
ENSG00000213087	39.1747014813849	-1.20598239146117	0.409058615003727	-2.94818969024813	0.00319640863720882	0.0361936320282396	AL356535.1
ENSG00000136149	283.941887160169	-0.734486445689246	0.249231584934226	-2.94700387145186	0.00320869186194434	0.0362559583978148	RPL13AP25
ENSG00000140398	19.805080902479	-0.805869424069393	0.273788484656563	-2.94340145488685	0.00324627154652696	0.0365006495893659	NEIL1
ENSG00000213326	51.4719562708435	-0.872367148757945	0.29637446624735	-2.94346257221052	0.00324563065304126	0.0365006495893659	RPS7P11
ENSG00000211747	135.602994098518	-1.12743896025743	0.383420294251473	-2.94047805283353	0.00327706216102405	0.0366940265635704	TRBV20-1
ENSG00000111875	100.34617426769	-0.559282593949261	0.190246238229398	-2.93978266878992	0.00328442532556969	0.0367136385233253	ASF1A
ENSG00000240776	6.42123456336202	-1.35955314878292	0.462657288757006	-2.93857501399265	0.00329724855793779	0.0367136385233253	AC079944.1
ENSG00000245556	48.1252598081281	-0.784629482782897	0.267327505178227	-2.93508699099176	0.0033345418966305	0.0369493955327599	SCAMP1-AS1
ENSG00000118242	14.7623205169052	-1.07677011046268	0.367250053300518	-2.93198081466736	0.00336807552933252	0.0371791678543522	MREG
ENSG00000163577	30.4366042120107	-0.89327497001495	0.305149187619103	-2.92733851590641	0.0034187654721502	0.0375198987692545	EIF5A2
ENSG00000176485	74.3628312758159	-0.781765035842977	0.26749824379173	-2.92250530232134	0.00347227708953678	0.0378092811628137	PLAAT3
ENSG00000188321	56.7932794810925	-0.576749432676766	0.197350997159329	-2.92245512299659	0.00347283663328403	0.0378092811628137	ZNF559
ENSG00000118515	754.299118035439	-0.883743765953071	0.302536993522767	-2.92110976466938	0.00348786919398712	0.0379152176270483	SGK1
ENSG00000229503	6.56393589513199	-1.21253442565196	0.415152223810954	-2.92069837545688	0.00349247772043166	0.0379396107138294	RPL21P37
ENSG00000213139	4.04385678472583	-2.01874533892492	0.691846593913075	-2.91790890738787	0.00352387277589377	0.0380744368277546	CRYGS
ENSG00000125868	257.045152801741	-0.543098203336617	0.186145569457767	-2.91759940845562	0.00352737192090629	0.0380865965484128	DSTN
ENSG00000134049	51.5216988823964	-0.565050712073664	0.19401645209149	-2.912385552784	0.00358679611618573	0.0384548229889418	IER3IP1
ENSG00000179029	59.3887323415157	-0.536262429940614	0.184272826205285	-2.91015469282054	0.0036124990658308	0.0386674766586092	TMEM107
ENSG00000162639	110.207813774384	-0.541486064183392	0.186125658852027	-2.90924995254889	0.00362297073052209	0.0387537102474846	HENMT1
ENSG00000162244	6732.73356342552	-0.508605052706385	0.174906664209703	-2.90786548931376	0.00363904826659577	0.0388997531229375	RPL29
ENSG00000227337	4.85304644782984	-1.61220991550872	0.554617689832706	-2.90688513017863	0.00365047221990943	0.0389699446230518	RPL23AP43
ENSG00000173013	9.03677979081164	-1.07941614595901	0.371449442579333	-2.90595710270441	0.00366131639849107	0.0390337685141457	CCDC96
ENSG00000149403	2.68805842483358	-3.31497010579662	1.14185635229629	-2.90314109925488	0.00369440147456067	0.0392821958711395	GRIK4
ENSG00000213160	2.81539722385854	-1.7511289617099	0.603227527732567	-2.90293277611534	0.00369685981710318	0.0392821958711395	KLHL23
ENSG00000234589	88.4073190711772	-0.979099207665797	0.337470088745719	-2.90129181909078	0.0037162761863974	0.0393841819093436	AC125807.1
ENSG00000107779	23.2303241897927	-0.809947792492036	0.279216493201214	-2.90078778372292	0.00372225869034777	0.0394211721581645	BMPR1A
ENSG00000167034	25.462327819334	-1.80486519643733	0.622402675372094	-2.89983521577621	0.00373358883644155	0.0394450262466627	NKX3-1
ENSG00000175084	3.5448664173857	-1.81223353291603	0.625322883248817	-2.8980764681131	0.00375459034758891	0.0394841877293446	DES
ENSG00000224094	24.1109796530886	-0.927582528738681	0.320096791154127	-2.89781889219892	0.00375767510425679	0.0394841877293446	RPS24P8
ENSG00000231369	35.551109300415	-0.88027363392379	0.304241138759865	-2.8933418981796	0.00381166133480721	0.0398164753365767	Z97353.1
ENSG00000107829	275.439796185843	-0.516076872289356	0.178659729440443	-2.88860211478935	0.00386958364764572	0.0402903761365838	FBXW4
ENSG00000211817	13.6161301586551	-0.938899338362749	0.325610531822845	-2.88350420702477	0.00393277393779409	0.040605764370596	TRAV38-2DV8
ENSG00000160183	4.94324678792299	-1.42123225834682	0.493068303699622	-2.88242470197929	0.00394627441324294	0.0407189536723363	TMPRSS3
ENSG00000182899	5314.67118974815	-0.587281532860342	0.203886298773332	-2.88043648049762	0.00397124964276106	0.0409240208851003	RPL35A
ENSG00000232346	17.6739920778393	-1.10971048098702	0.385713871439931	-2.8770302629882	0.00401437093856278	0.0413153186075945	Z74021.1
ENSG00000229852	7.56259737658293	-1.24117277175316	0.431778328981891	-2.87456013524295	0.0040459071554881	0.0415333207356408	AC019205.1
ENSG00000182472	10.6226686850237	-1.5687306185683	0.545797000529154	-2.87420161167504	0.00405050308205202	0.0415539142912562	CAPN12
ENSG00000178537	227.768758175218	-0.52636578781885	0.183196088325246	-2.87323704687593	0.00406289140772607	0.0416012078091671	SLC25A20
ENSG00000169442	1069.06765850097	-0.687549508286082	0.239318696516484	-2.87294523283818	0.00406664607272464	0.0416130970898385	CD52
ENSG00000117560	66.7506959242682	-0.96674685493939	0.336683327548556	-2.87138321335489	0.00408679760896582	0.0417128928981276	FASLG
ENSG00000115514	89.7832779259275	-0.605598766571394	0.211007888443805	-2.87002903558591	0.00410434108439995	0.0418322774876789	TXNDC9
ENSG00000211772	2151.7636624634	-0.590302117245615	0.205706069697943	-2.8696387914679	0.00410940939645715	0.0418372295470526	TRBC2
ENSG00000249353	63.4223842092201	-0.887040396226599	0.30921126265519	-2.86871955636286	0.00412137045501313	0.0418754978299092	NPM1P27
ENSG00000115526	21.9092443176564	-0.939747803332135	0.327632494764076	-2.8682985306718	0.0041268593693883	0.0418820104881943	CHST10
ENSG00000101004	11.5662201804265	-1.56589088639694	0.546205391169502	-2.86685358971677	0.00414574755795889	0.0419940148784409	NINL
ENSG00000211714	28.109699640786	-1.17914802591575	0.411516521324629	-2.86537226286855	0.00416519277516935	0.0420847091168717	TRBV7-3
ENSG00000251034	14.6535210177372	-1.14440155346537	0.399375113482643	-2.86548038380741	0.00416377068882702	0.0420847091168717	AC087854.1
ENSG00000242088	18.3278165552887	-1.12181295290592	0.392133584311649	-2.86079284658863	0.0042258307229345	0.0424301964640076	AC090602.1
ENSG00000145592	8677.72376927226	-0.579417474934475	0.202569264022003	-2.86034249930206	0.0042318369936057	0.0424639303079446	RPL37
ENSG00000250131	2.61297443594533	-1.84074925069227	0.643699703096279	-2.85963973858932	0.0042412251660703	0.0425315361184987	AC078881.1
ENSG00000109475	3409.32419760488	-0.665876255736211	0.23308404025695	-2.85680759181175	0.00427925154362179	0.0428592952667988	RPL34
ENSG00000251247	22.8903510447738	-0.635267207047997	0.222540422797121	-2.85461490125386	0.00430890418933468	0.0430487968355385	ZNF345
ENSG00000275743	18.1329454722176	-1.09102177240391	0.38231151916614	-2.85375071821936	0.00432064198114845	0.043139203850359	TRBV14
ENSG00000198056	17.9735947591131	-0.866415286002986	0.303956230128109	-2.85046069178387	0.00436559461110408	0.0435068108914068	PRIM1
ENSG00000231889	9.00716932970584	-0.943412665831487	0.331004859724393	-2.85014747704009	0.004369896185212	0.0435226469843119	TRAF3IP2-AS1
ENSG00000090006	172.072125260163	-0.506424692802478	0.177771421042531	-2.84874075839963	0.00438926294939088	0.0436342775854874	LTBP4
ENSG00000006757	29.7356492982644	-0.59435641310801	0.208944641131919	-2.84456404284021	0.00444722446874674	0.0440195660709695	PNPLA4
ENSG00000247708	12.1768609317146	-0.876445075399533	0.308097528601958	-2.84470011615005	0.00444532526142052	0.0440195660709695	STX18-AS1
ENSG00000066697	42.2425637976092	-0.577360634421298	0.20309257386204	-2.84284463701512	0.00447128604912892	0.0441147699960036	MSANTD3
ENSG00000118181	4687.0910223224	-0.605220278555701	0.212932784463071	-2.84230669355035	0.00447883828753443	0.0441147699960036	RPS25
ENSG00000233597	39.3635324990872	-0.934229093339112	0.328631250735487	-2.84278835700585	0.00447207562861408	0.0441147699960036	AC133435.1
ENSG00000163001	70.1315004757065	-0.720369737167207	0.253630388052747	-2.84023433744617	0.00450804043632954	0.0443479514413902	CFAP36
ENSG00000197696	9.74372560383101	-0.967674158286024	0.340901002645052	-2.83857821120454	0.00453150126168518	0.0444993009233669	NMB
ENSG00000264644	2.68865477748788	-2.82525657996806	0.995558703431186	-2.83786035944524	0.00454170472830675	0.0445698179606617	KRT18P8
ENSG00000197008	37.8842086717463	-0.572108271361769	0.201839798624046	-2.83446711333376	0.00459021822075551	0.0448265680779198	ZNF138
ENSG00000169020	26.2469836716218	-0.811070670710531	0.286199363515292	-2.83393596948791	0.00459785436214644	0.0448596329902101	ATP5ME
ENSG00000064933	52.3687339661156	-0.712045572718283	0.251332894219194	-2.83307752027591	0.00461022042861364	0.0449191660184012	PMS1
ENSG00000249978	36.2864518674955	-0.939953457549016	0.331922490856938	-2.8318462395311	0.00462800976330369	0.0449766303162979	TRGV7
ENSG00000197958	9282.57923118117	-0.532619020481435	0.188188667294609	-2.83023961080303	0.00465131552666642	0.045148431715283	RPL12
ENSG00000008988	6809.89302713439	-0.593362425897496	0.209705229889283	-2.82950704763429	0.00466197732228114	0.0451972363359522	RPS20
ENSG00000164587	12246.00737739	-0.617103021090011	0.218092063768055	-2.82955285225927	0.00466131002935029	0.0451972363359522	RPS14
ENSG00000122417	66.6966790443649	-0.771077508699363	0.272735509333775	-2.82719881464248	0.00469571642969373	0.0452237515692893	ODF2L
ENSG00000131469	5557.05903180176	-0.55200291470524	0.19522642977282	-2.82750094517219	0.00469128769401352	0.0452237515692893	RPL27
ENSG00000069667	276.616082636985	-0.861614719292324	0.304854800611278	-2.82631179684447	0.00470874052523166	0.0452586298552267	RORA
ENSG00000183977	3.92262455714561	-1.74748890881322	0.618195470712203	-2.8267578647899	0.00470218682104273	0.0452586298552267	PP2D1
ENSG00000240622	5.45697206654747	-1.67287403263829	0.592315577283229	-2.82429518452183	0.00473847223775256	0.0454717625925478	RPL7P15
ENSG00000206561	33.1038929627492	-0.965363771851743	0.342080312518231	-2.82203838258098	0.00477194656527285	0.0457300693628989	COLQ
ENSG00000158113	3.34983277887802	-1.81948208576781	0.644968437965285	-2.82104050162179	0.00478681589247797	0.0458260507128932	LRRC43
ENSG00000111678	117.010847157187	-0.824291434093632	0.29225735288229	-2.82043009684559	0.00479593213072269	0.045885945758763	C12orf57
ENSG00000167984	351.938305604529	-0.54139042448705	0.192016712854126	-2.81949636799762	0.0048099075310867	0.045992232619956	NLRC3
ENSG00000234797	170.274717650273	-0.867555839180504	0.307737447218748	-2.81914289931645	0.00481520761138023	0.0460110468310463	RPS3AP6
ENSG00000148019	124.799327422552	-0.746448539061308	0.265039784292354	-2.81636412078397	0.00485705838120918	0.0461828531223439	CEP78
ENSG00000260196	3.42338127992888	-1.91018802863158	0.67872466262239	-2.81437839793707	0.0048871663657209	0.0463169429048977	AC124798.1
ENSG00000166441	7352.79858904808	-0.534169451230296	0.189859742904565	-2.81349507303822	0.00490061371461542	0.0463895852808286	RPL27A
ENSG00000168813	91.7459306032425	-0.651778925905765	0.231794965060366	-2.8118769781562	0.00492533371874052	0.0465412129076511	ZNF507
ENSG00000198574	173.29708261318	-1.15786072590788	0.412003216203795	-2.81031962948356	0.0049492321446089	0.0466297297476511	SH2D1B
ENSG00000230207	50.7085826046946	-0.843446072138594	0.300271726548452	-2.80894269278628	0.00497044934278134	0.046764040101383	RPL4P5
ENSG00000256338	204.697698592047	-0.720951920094575	0.256673638742522	-2.80882728599094	0.00497223137506759	0.046764040101383	RPL41P2
ENSG00000179588	78.4168676086078	-0.599745827429922	0.213805087002322	-2.80510550912855	0.00503001115714848	0.0471172568230235	ZFPM1
ENSG00000221923	30.3317028354818	-0.67603070605818	0.240977955279673	-2.80536327596271	0.00502598990191678	0.0471172568230235	ZNF880
ENSG00000260306	3.08261809855272	-1.96711697277025	0.701492432852389	-2.80418844259176	0.00504434131972808	0.047165767176595	AC092375.2
ENSG00000241127	19.9513879948188	-0.687872254952656	0.245385501946457	-2.80323103645605	0.00505934120336138	0.0472784680302466	YAE1
ENSG00000160285	173.615265636711	-0.51355352803789	0.18321346945863	-2.80303369373097	0.00506243802116336	0.0472798708088278	LSS
ENSG00000232434	43.1610180056445	-0.909376579237804	0.324621589018076	-2.80134350271807	0.00508903176036948	0.0473864560859911	AJM1
ENSG00000135698	38.7117645117733	-0.605757918585388	0.216480296165851	-2.79821272103814	0.00513862580173891	0.047741314990678	MPHOSPH6
ENSG00000226329	6.31138266291828	-1.12563942317127	0.402462385764034	-2.79688105767786	0.00515985248297606	0.0478830729261717	AC005682.1
ENSG00000248275	77.6324597043417	-0.604268486438956	0.216178531933337	-2.79522892969453	0.00518629748237345	0.0480173935976238	TRIM52-AS1
ENSG00000263072	38.9968577473917	-0.642345888272436	0.230103612850616	-2.79155064240321	0.00524561482665795	0.0483747927916229	ZNF213-AS1
ENSG00000258512	8.40143476536073	-1.42447684887694	0.510464897909565	-2.79054809588358	0.00526188818320748	0.0484933922455853	LINC00239
ENSG00000186104	54.3003219224795	-0.623333377941791	0.223397197972943	-2.79024707381194	0.00526678327448053	0.0485106415838347	CYP2R1
ENSG00000119411	3.87018042354056	-1.63714194410078	0.587015972334531	-2.78892231431107	0.00528837486635352	0.0486257734846088	BSPRY
ENSG00000197756	5596.09941977418	-0.58190316835575	0.208826032125049	-2.78654515643574	0.00532731951743596	0.0488075451692638	RPL37A
ENSG00000188599	4.88033449570849	-1.19115189100816	0.427585194064675	-2.78576505347373	0.00534015617048021	0.0488194440178863	NPIPP1
ENSG00000234322	3.99003732639763	-1.67964639243589	0.60297513607481	-2.78559809840566	0.0053429070548712	0.0488194440178863	ST13P18
ENSG00000109680	10.5360799061032	-1.02029587396684	0.366483092161951	-2.78401895145537	0.00536898970022842	0.0490298461810843	TBC1D19
ENSG00000101000	8.75892589488165	-1.2718224440839	0.457076747345656	-2.7825139901989	0.00539395397001066	0.0492018143540768	PROCR
ENSG00000106351	133.458458691838	-0.509429924799559	0.183115738172162	-2.78201060097085	0.00540232754289976	0.0492501962646742	AGFG2
ENSG00000214914	33.0091698220405	-0.999962404181316	0.359472354605481	-2.78175050562308	0.00540665866756377	0.0492616912669283	RPL23AP3
ENSG00000143951	19.8503967361477	-0.664587339472143	0.238975532570734	-2.78098486620355	0.00541942634832029	0.0492940452147387	WDPCP
ENSG00000189190	83.4695824576441	-0.864089126353807	0.310742863955181	-2.78072073918466	0.00542383719927638	0.0493062140863397	ZNF600
ENSG00000175061	757.216857737729	-0.598734155268813	0.215341972380851	-2.78038762554798	0.00542940472967974	0.0493288781923621	SNHG29
ENSG00000259612	57.5708318348161	-1.05726860113317	0.380494165050389	-2.77867231155348	0.00545815558390219	0.0494221819095433	EEF1A1P22
ENSG00000198915	60.6231022279749	-0.651262183310808	0.234461697736309	-2.77769115210989	0.00547466279014154	0.0495157635106094	RASGEF1A
ENSG00000120833	48.4915748154199	-0.577972401258174	0.208186285551052	-2.77622706860026	0.00549937859795773	0.0496274069765083	SOCS2
ENSG00000215424	9.57025445976487	-1.03891692608493	0.374210661554225	-2.77628895384741	0.00549833185207385	0.0496274069765083	MCM3AP-AS1
ENSG00000250510	118.768203768789	-0.665274604791954	0.23962778272822	-2.7762832724054	0.00549842794221401	0.0496274069765083	GPR162
ENSG00000242125	145.770573527139	-0.589105266446249	0.21227089995906	-2.77525212622111	0.00551589282290518	0.0497205058109627	SNHG3
ENSG00000124701	2.74140223413754	-1.82846533070578	0.659440361700264	-2.77275313569125	0.00555842697076802	0.049935588323613	APOBEC2
ENSG00000236552	213.872042581508	-0.685888484845694	0.2473076268666	-2.77342229002775	0.00554700868858185	0.049935588323613	RPL13AP5
